응시자ID,역량코드,점수,자기평가,자기평가차이,자기평가판정,교육대상
R-3840E572,M1,33.3,100,66.7,과대평가,1
R-3840E572,M2,100,75,-25,적정,0
R-3840E572,M3,62.5,100,37.5,과대평가,0
R-3840E572,M4,66.7,100,33.3,과대평가,0
R-3840E572,M5,33.3,100,66.7,과대평가,1
R-3840E572,M6,37.5,75,37.5,과대평가,1
R-3840E572,M7,29.2,75,45.8,과대평가,1
R-3840E572,M8,0,75,75,과대평가,1
R-ADF39127,M1,66.7,75,8.3,적정,0
R-ADF39127,M2,66.7,100,33.3,과대평가,0
R-ADF39127,M3,91.7,100,8.3,적정,0
R-ADF39127,M4,33.3,75,41.7,과대평가,1
R-ADF39127,M5,100,100,0,적정,0
R-ADF39127,M6,54.2,75,20.8,적정,1
R-ADF39127,M7,41.7,50,8.3,적정,1
R-ADF39127,M8,100,100,0,적정,0
R-9FF50990,M1,100,100,0,적정,0
R-9FF50990,M2,100,100,0,적정,0
R-9FF50990,M3,70.9,75,4.1,적정,0
R-9FF50990,M4,66.7,100,33.3,과대평가,0
R-9FF50990,M5,100,100,0,적정,0
R-9FF50990,M6,58.4,75,16.6,적정,1
R-9FF50990,M7,54.2,100,45.8,과대평가,1
R-9FF50990,M8,66.7,100,33.3,과대평가,0
R-B06AC69A,M1,66.7,50,-16.7,적정,0
R-B06AC69A,M2,66.7,100,33.3,과대평가,0
R-B06AC69A,M3,41.7,50,8.3,적정,1
R-B06AC69A,M4,66.7,50,-16.7,적정,0
R-B06AC69A,M5,66.7,50,-16.7,적정,0
R-B06AC69A,M6,37.5,50,12.5,적정,1
R-B06AC69A,M7,70.9,25,-45.9,과소평가,0
R-B06AC69A,M8,66.7,75,8.3,적정,0
R-B264F569,M1,0,100,100,과대평가,1
R-B264F569,M2,66.7,100,33.3,과대평가,0
R-B264F569,M3,91.7,100,8.3,적정,0
R-B264F569,M4,100,100,0,적정,0
R-B264F569,M5,66.7,100,33.3,과대평가,0
R-B264F569,M6,54.2,75,20.8,적정,1
R-B264F569,M7,41.7,100,58.3,과대평가,1
R-B264F569,M8,100,75,-25,적정,0
R-A7CFC0A4,M1,33.3,75,41.7,과대평가,1
R-A7CFC0A4,M2,0,75,75,과대평가,1
R-A7CFC0A4,M3,20.9,75,54.1,과대평가,1
R-A7CFC0A4,M4,33.3,75,41.7,과대평가,1
R-A7CFC0A4,M5,100,75,-25,적정,0
R-A7CFC0A4,M6,12.5,25,12.5,적정,1
R-A7CFC0A4,M7,25,75,50,과대평가,1
R-A7CFC0A4,M8,66.7,75,8.3,적정,0
R-17F487F9,M1,100,75,-25,적정,0
R-17F487F9,M2,100,100,0,적정,0
R-17F487F9,M3,62.5,75,12.5,적정,0
R-17F487F9,M4,0,75,75,과대평가,1
R-17F487F9,M5,0,75,75,과대평가,1
R-17F487F9,M6,54.2,50,-4.2,적정,1
R-17F487F9,M7,20.9,50,29.1,적정,1
R-17F487F9,M8,66.7,100,33.3,과대평가,0
R-21383D9F,M1,66.7,50,-16.7,적정,0
R-21383D9F,M2,66.7,75,8.3,적정,0
R-21383D9F,M3,50,75,25,적정,1
R-21383D9F,M4,66.7,25,-41.7,과소평가,0
R-21383D9F,M5,66.7,75,8.3,적정,0
R-21383D9F,M6,33.3,50,16.7,적정,1
R-21383D9F,M7,20.9,75,54.1,과대평가,1
R-21383D9F,M8,100,75,-25,적정,0
R-C5283E89,M1,33.3,25,-8.3,적정,1
R-C5283E89,M2,66.7,50,-16.7,적정,0
R-C5283E89,M3,54.2,100,45.8,과대평가,1
R-C5283E89,M4,33.3,50,16.7,적정,1
R-C5283E89,M5,33.3,50,16.7,적정,1
R-C5283E89,M6,0,25,25,적정,1
R-C5283E89,M7,20.9,75,54.1,과대평가,1
R-C5283E89,M8,33.3,75,41.7,과대평가,1
R-2A0A4D5D,M1,100,100,0,적정,0
R-2A0A4D5D,M2,100,100,0,적정,0
R-2A0A4D5D,M3,87.5,100,12.5,적정,0
R-2A0A4D5D,M4,100,100,0,적정,0
R-2A0A4D5D,M5,66.7,100,33.3,과대평가,0
R-2A0A4D5D,M6,66.7,75,8.3,적정,0
R-2A0A4D5D,M7,75,75,0,적정,0
R-2A0A4D5D,M8,100,100,0,적정,0
R-3860C5D0,M1,66.7,75,8.3,적정,0
R-3860C5D0,M2,66.7,75,8.3,적정,0
R-3860C5D0,M3,70.9,100,29.1,적정,0
R-3860C5D0,M4,33.3,75,41.7,과대평가,1
R-3860C5D0,M5,100,75,-25,적정,0
R-3860C5D0,M6,66.7,50,-16.7,적정,0
R-3860C5D0,M7,29.2,75,45.8,과대평가,1
R-3860C5D0,M8,100,50,-50,과소평가,0
R-3A311216,M1,66.7,100,33.3,과대평가,0
R-3A311216,M2,66.7,100,33.3,과대평가,0
R-3A311216,M3,79.2,100,20.8,적정,0
R-3A311216,M4,33.3,100,66.7,과대평가,1
R-3A311216,M5,33.3,75,41.7,과대평가,1
R-3A311216,M6,54.2,75,20.8,적정,1
R-3A311216,M7,54.2,75,20.8,적정,1
R-3A311216,M8,100,100,0,적정,0
R-58CB6AF9,M1,100,75,-25,적정,0
R-58CB6AF9,M2,66.7,50,-16.7,적정,0
R-58CB6AF9,M3,45.8,50,4.2,적정,1
R-58CB6AF9,M4,33.3,50,16.7,적정,1
R-58CB6AF9,M5,33.3,75,41.7,과대평가,1
R-58CB6AF9,M6,62.5,25,-37.5,과소평가,0
R-58CB6AF9,M7,79.2,50,-29.2,적정,0
R-58CB6AF9,M8,33.3,75,41.7,과대평가,1
R-1226123C,M1,100,75,-25,적정,0
R-1226123C,M2,100,75,-25,적정,0
R-1226123C,M3,91.7,100,8.3,적정,0
R-1226123C,M4,66.7,75,8.3,적정,0
R-1226123C,M5,66.7,75,8.3,적정,0
R-1226123C,M6,58.4,75,16.6,적정,1
R-1226123C,M7,54.2,50,-4.2,적정,1
R-1226123C,M8,100,75,-25,적정,0
R-AFE12C85,M1,66.7,75,8.3,적정,0
R-AFE12C85,M2,100,50,-50,과소평가,0
R-AFE12C85,M3,75,75,0,적정,0
R-AFE12C85,M4,100,100,0,적정,0
R-AFE12C85,M5,0,75,75,과대평가,1
R-AFE12C85,M6,37.5,50,12.5,적정,1
R-AFE12C85,M7,41.7,75,33.3,과대평가,1
R-AFE12C85,M8,66.7,75,8.3,적정,0
R-BA9732A9,M1,100,75,-25,적정,0
R-BA9732A9,M2,33.3,100,66.7,과대평가,1
R-BA9732A9,M3,75,100,25,적정,0
R-BA9732A9,M4,100,100,0,적정,0
R-BA9732A9,M5,66.7,75,8.3,적정,0
R-BA9732A9,M6,33.3,50,16.7,적정,1
R-BA9732A9,M7,79.2,75,-4.2,적정,0
R-BA9732A9,M8,100,50,-50,과소평가,0
R-00D2D44D,M1,0,50,50,과대평가,1
R-00D2D44D,M2,33.3,25,-8.3,적정,1
R-00D2D44D,M3,50,75,25,적정,1
R-00D2D44D,M4,33.3,50,16.7,적정,1
R-00D2D44D,M5,33.3,75,41.7,과대평가,1
R-00D2D44D,M6,33.3,50,16.7,적정,1
R-00D2D44D,M7,50,50,0,적정,1
R-00D2D44D,M8,0,75,75,과대평가,1
R-F1FC5F67,M1,66.7,75,8.3,적정,0
R-F1FC5F67,M2,33.3,75,41.7,과대평가,1
R-F1FC5F67,M3,58.4,75,16.6,적정,1
R-F1FC5F67,M4,33.3,100,66.7,과대평가,1
R-F1FC5F67,M5,66.7,75,8.3,적정,0
R-F1FC5F67,M6,20.9,50,29.1,적정,1
R-F1FC5F67,M7,62.5,75,12.5,적정,0
R-F1FC5F67,M8,66.7,75,8.3,적정,0
R-E11B273B,M1,100,75,-25,적정,0
R-E11B273B,M2,100,75,-25,적정,0
R-E11B273B,M3,62.5,75,12.5,적정,0
R-E11B273B,M4,100,75,-25,적정,0
R-E11B273B,M5,33.3,50,16.7,적정,1
R-E11B273B,M6,54.2,50,-4.2,적정,1
R-E11B273B,M7,37.5,50,12.5,적정,1
R-E11B273B,M8,66.7,75,8.3,적정,0
R-C303DB2D,M1,33.3,100,66.7,과대평가,1
R-C303DB2D,M2,100,100,0,적정,0
R-C303DB2D,M3,95.9,100,4.1,적정,0
R-C303DB2D,M4,100,100,0,적정,0
R-C303DB2D,M5,66.7,100,33.3,과대평가,0
R-C303DB2D,M6,62.5,75,12.5,적정,0
R-C303DB2D,M7,95.9,100,4.1,적정,0
R-C303DB2D,M8,100,100,0,적정,0
R-5A7513D3,M1,66.7,75,8.3,적정,0
R-5A7513D3,M2,66.7,100,33.3,과대평가,0
R-5A7513D3,M3,83.4,75,-8.4,적정,0
R-5A7513D3,M4,66.7,100,33.3,과대평가,0
R-5A7513D3,M5,100,100,0,적정,0
R-5A7513D3,M6,58.4,50,-8.4,적정,1
R-5A7513D3,M7,58.4,75,16.6,적정,1
R-5A7513D3,M8,100,75,-25,적정,0
R-6FFE0F89,M1,33.3,50,16.7,적정,1
R-6FFE0F89,M2,66.7,100,33.3,과대평가,0
R-6FFE0F89,M3,25,50,25,적정,1
R-6FFE0F89,M4,33.3,75,41.7,과대평가,1
R-6FFE0F89,M5,33.3,75,41.7,과대평가,1
R-6FFE0F89,M6,20.9,50,29.1,적정,1
R-6FFE0F89,M7,20.9,75,54.1,과대평가,1
R-6FFE0F89,M8,0,50,50,과대평가,1
R-A4EAB87B,M1,33.3,50,16.7,적정,1
R-A4EAB87B,M2,100,75,-25,적정,0
R-A4EAB87B,M3,62.5,50,-12.5,적정,0
R-A4EAB87B,M4,100,75,-25,적정,0
R-A4EAB87B,M5,33.3,75,41.7,과대평가,1
R-A4EAB87B,M6,16.7,50,33.3,과대평가,1
R-A4EAB87B,M7,70.9,50,-20.9,적정,0
R-A4EAB87B,M8,33.3,75,41.7,과대평가,1
R-D33167AD,M1,33.3,100,66.7,과대평가,1
R-D33167AD,M2,0,75,75,과대평가,1
R-D33167AD,M3,62.5,75,12.5,적정,0
R-D33167AD,M4,33.3,75,41.7,과대평가,1
R-D33167AD,M5,66.7,75,8.3,적정,0
R-D33167AD,M6,33.3,75,41.7,과대평가,1
R-D33167AD,M7,33.3,75,41.7,과대평가,1
R-D33167AD,M8,66.7,100,33.3,과대평가,0
R-EC3B684B,M1,66.7,75,8.3,적정,0
R-EC3B684B,M2,66.7,100,33.3,과대평가,0
R-EC3B684B,M3,83.4,100,16.6,적정,0
R-EC3B684B,M4,66.7,75,8.3,적정,0
R-EC3B684B,M5,66.7,75,8.3,적정,0
R-EC3B684B,M6,29.2,50,20.8,적정,1
R-EC3B684B,M7,37.5,75,37.5,과대평가,1
R-EC3B684B,M8,66.7,100,33.3,과대평가,0
R-395E0CCD,M1,100,75,-25,적정,0
R-395E0CCD,M2,33.3,75,41.7,과대평가,1
R-395E0CCD,M3,83.4,100,16.6,적정,0
R-395E0CCD,M4,100,75,-25,적정,0
R-395E0CCD,M5,100,75,-25,적정,0
R-395E0CCD,M6,83.4,75,-8.4,적정,0
R-395E0CCD,M7,62.5,50,-12.5,적정,0
R-395E0CCD,M8,66.7,100,33.3,과대평가,0
R-1DDA6DFD,M1,66.7,75,8.3,적정,0
R-1DDA6DFD,M2,66.7,75,8.3,적정,0
R-1DDA6DFD,M3,91.7,100,8.3,적정,0
R-1DDA6DFD,M4,66.7,100,33.3,과대평가,0
R-1DDA6DFD,M5,100,100,0,적정,0
R-1DDA6DFD,M6,62.5,75,12.5,적정,0
R-1DDA6DFD,M7,83.4,100,16.6,적정,0
R-1DDA6DFD,M8,66.7,75,8.3,적정,0
R-3A973C2C,M1,33.3,50,16.7,적정,1
R-3A973C2C,M2,33.3,50,16.7,적정,1
R-3A973C2C,M3,66.7,50,-16.7,적정,0
R-3A973C2C,M4,100,50,-50,과소평가,0
R-3A973C2C,M5,66.7,75,8.3,적정,0
R-3A973C2C,M6,16.7,25,8.3,적정,1
R-3A973C2C,M7,62.5,100,37.5,과대평가,0
R-3A973C2C,M8,66.7,75,8.3,적정,0
R-DA7C4E7B,M1,66.7,75,8.3,적정,0
R-DA7C4E7B,M2,66.7,75,8.3,적정,0
R-DA7C4E7B,M3,16.7,75,58.3,과대평가,1
R-DA7C4E7B,M4,66.7,75,8.3,적정,0
R-DA7C4E7B,M5,33.3,75,41.7,과대평가,1
R-DA7C4E7B,M6,29.2,50,20.8,적정,1
R-DA7C4E7B,M7,37.5,75,37.5,과대평가,1
R-DA7C4E7B,M8,33.3,75,41.7,과대평가,1
R-BF70B060,M1,66.7,75,8.3,적정,0
R-BF70B060,M2,66.7,100,33.3,과대평가,0
R-BF70B060,M3,75,100,25,적정,0
R-BF70B060,M4,33.3,75,41.7,과대평가,1
R-BF70B060,M5,66.7,75,8.3,적정,0
R-BF70B060,M6,29.2,50,20.8,적정,1
R-BF70B060,M7,70.9,100,29.1,적정,0
R-BF70B060,M8,33.3,100,66.7,과대평가,1
R-40809D95,M1,33.3,75,41.7,과대평가,1
R-40809D95,M2,100,75,-25,적정,0
R-40809D95,M3,91.7,100,8.3,적정,0
R-40809D95,M4,66.7,75,8.3,적정,0
R-40809D95,M5,33.3,100,66.7,과대평가,1
R-40809D95,M6,37.5,50,12.5,적정,1
R-40809D95,M7,50,75,25,적정,1
R-40809D95,M8,66.7,75,8.3,적정,0
R-2A7F081C,M1,100,75,-25,적정,0
R-2A7F081C,M2,33.3,75,41.7,과대평가,1
R-2A7F081C,M3,66.7,100,33.3,과대평가,0
R-2A7F081C,M4,100,100,0,적정,0
R-2A7F081C,M5,100,100,0,적정,0
R-2A7F081C,M6,33.3,50,16.7,적정,1
R-2A7F081C,M7,62.5,75,12.5,적정,0
R-2A7F081C,M8,0,75,75,과대평가,1
R-1ACF30C5,M1,0,100,100,과대평가,1
R-1ACF30C5,M2,0,100,100,과대평가,1
R-1ACF30C5,M3,66.7,100,33.3,과대평가,0
R-1ACF30C5,M4,100,75,-25,적정,0
R-1ACF30C5,M5,100,100,0,적정,0
R-1ACF30C5,M6,41.7,75,33.3,과대평가,1
R-1ACF30C5,M7,58.4,75,16.6,적정,1
R-1ACF30C5,M8,100,100,0,적정,0
R-8EABF5B7,M1,66.7,100,33.3,과대평가,0
R-8EABF5B7,M2,66.7,100,33.3,과대평가,0
R-8EABF5B7,M3,100,100,0,적정,0
R-8EABF5B7,M4,66.7,100,33.3,과대평가,0
R-8EABF5B7,M5,100,100,0,적정,0
R-8EABF5B7,M6,62.5,100,37.5,과대평가,0
R-8EABF5B7,M7,66.7,100,33.3,과대평가,0
R-8EABF5B7,M8,100,100,0,적정,0
R-55DC8E6F,M1,66.7,75,8.3,적정,0
R-55DC8E6F,M2,33.3,50,16.7,적정,1
R-55DC8E6F,M3,58.4,50,-8.4,적정,1
R-55DC8E6F,M4,33.3,75,41.7,과대평가,1
R-55DC8E6F,M5,33.3,50,16.7,적정,1
R-55DC8E6F,M6,50,50,0,적정,1
R-55DC8E6F,M7,33.3,50,16.7,적정,1
R-55DC8E6F,M8,100,75,-25,적정,0
R-276FDD88,M1,33.3,75,41.7,과대평가,1
R-276FDD88,M2,33.3,75,41.7,과대평가,1
R-276FDD88,M3,79.2,75,-4.2,적정,0
R-276FDD88,M4,66.7,50,-16.7,적정,0
R-276FDD88,M5,100,75,-25,적정,0
R-276FDD88,M6,58.4,75,16.6,적정,1
R-276FDD88,M7,54.2,75,20.8,적정,1
R-276FDD88,M8,66.7,75,8.3,적정,0
R-5D27DB72,M1,100,100,0,적정,0
R-5D27DB72,M2,100,100,0,적정,0
R-5D27DB72,M3,66.7,100,33.3,과대평가,0
R-5D27DB72,M4,100,100,0,적정,0
R-5D27DB72,M5,66.7,100,33.3,과대평가,0
R-5D27DB72,M6,83.4,75,-8.4,적정,0
R-5D27DB72,M7,83.4,75,-8.4,적정,0
R-5D27DB72,M8,66.7,100,33.3,과대평가,0
R-4A4A4F81,M1,100,75,-25,적정,0
R-4A4A4F81,M2,100,75,-25,적정,0
R-4A4A4F81,M3,66.7,75,8.3,적정,0
R-4A4A4F81,M4,33.3,75,41.7,과대평가,1
R-4A4A4F81,M5,0,50,50,과대평가,1
R-4A4A4F81,M6,33.3,50,16.7,적정,1
R-4A4A4F81,M7,62.5,75,12.5,적정,0
R-4A4A4F81,M8,100,75,-25,적정,0
R-222B6721,M1,66.7,50,-16.7,적정,0
R-222B6721,M2,66.7,50,-16.7,적정,0
R-222B6721,M3,58.4,75,16.6,적정,1
R-222B6721,M4,66.7,75,8.3,적정,0
R-222B6721,M5,66.7,50,-16.7,적정,0
R-222B6721,M6,37.5,50,12.5,적정,1
R-222B6721,M7,50,25,-25,적정,1
R-222B6721,M8,33.3,75,41.7,과대평가,1
R-62173E86,M1,66.7,75,8.3,적정,0
R-62173E86,M2,100,100,0,적정,0
R-62173E86,M3,83.4,100,16.6,적정,0
R-62173E86,M4,100,75,-25,적정,0
R-62173E86,M5,66.7,75,8.3,적정,0
R-62173E86,M6,33.3,75,41.7,과대평가,1
R-62173E86,M7,41.7,75,33.3,과대평가,1
R-62173E86,M8,66.7,75,8.3,적정,0
R-DB083DE1,M1,100,75,-25,적정,0
R-DB083DE1,M2,33.3,100,66.7,과대평가,1
R-DB083DE1,M3,75,100,25,적정,0
R-DB083DE1,M4,33.3,75,41.7,과대평가,1
R-DB083DE1,M5,66.7,100,33.3,과대평가,0
R-DB083DE1,M6,62.5,75,12.5,적정,0
R-DB083DE1,M7,87.5,100,12.5,적정,0
R-DB083DE1,M8,66.7,100,33.3,과대평가,0
R-9AFD699C,M1,100,100,0,적정,0
R-9AFD699C,M2,66.7,75,8.3,적정,0
R-9AFD699C,M3,66.7,100,33.3,과대평가,0
R-9AFD699C,M4,66.7,100,33.3,과대평가,0
R-9AFD699C,M5,66.7,100,33.3,과대평가,0
R-9AFD699C,M6,33.3,75,41.7,과대평가,1
R-9AFD699C,M7,66.7,75,8.3,적정,0
R-9AFD699C,M8,33.3,75,41.7,과대평가,1
R-ED87B1C1,M1,100,75,-25,적정,0
R-ED87B1C1,M2,66.7,100,33.3,과대평가,0
R-ED87B1C1,M3,95.9,100,4.1,적정,0
R-ED87B1C1,M4,100,100,0,적정,0
R-ED87B1C1,M5,100,75,-25,적정,0
R-ED87B1C1,M6,79.2,75,-4.2,적정,0
R-ED87B1C1,M7,66.7,100,33.3,과대평가,0
R-ED87B1C1,M8,100,75,-25,적정,0
R-CBAA1E58,M1,100,75,-25,적정,0
R-CBAA1E58,M2,66.7,75,8.3,적정,0
R-CBAA1E58,M3,50,75,25,적정,1
R-CBAA1E58,M4,66.7,75,8.3,적정,0
R-CBAA1E58,M5,66.7,75,8.3,적정,0
R-CBAA1E58,M6,16.7,50,33.3,과대평가,1
R-CBAA1E58,M7,25,75,50,과대평가,1
R-CBAA1E58,M8,100,100,0,적정,0
R-E14672DA,M1,100,75,-25,적정,0
R-E14672DA,M2,100,75,-25,적정,0
R-E14672DA,M3,75,100,25,적정,0
R-E14672DA,M4,100,100,0,적정,0
R-E14672DA,M5,33.3,100,66.7,과대평가,1
R-E14672DA,M6,37.5,50,12.5,적정,1
R-E14672DA,M7,58.4,75,16.6,적정,1
R-E14672DA,M8,66.7,50,-16.7,적정,0
R-B6D3B650,M1,66.7,75,8.3,적정,0
R-B6D3B650,M2,66.7,75,8.3,적정,0
R-B6D3B650,M3,79.2,75,-4.2,적정,0
R-B6D3B650,M4,33.3,75,41.7,과대평가,1
R-B6D3B650,M5,100,75,-25,적정,0
R-B6D3B650,M6,58.4,50,-8.4,적정,1
R-B6D3B650,M7,54.2,75,20.8,적정,1
R-B6D3B650,M8,33.3,75,41.7,과대평가,1
R-E0B70F99,M1,66.7,75,8.3,적정,0
R-E0B70F99,M2,100,75,-25,적정,0
R-E0B70F99,M3,66.7,75,8.3,적정,0
R-E0B70F99,M4,33.3,100,66.7,과대평가,1
R-E0B70F99,M5,100,100,0,적정,0
R-E0B70F99,M6,58.4,50,-8.4,적정,1
R-E0B70F99,M7,50,50,0,적정,1
R-E0B70F99,M8,33.3,75,41.7,과대평가,1
R-F6025FC2,M1,100,75,-25,적정,0
R-F6025FC2,M2,0,75,75,과대평가,1
R-F6025FC2,M3,45.8,75,29.2,적정,1
R-F6025FC2,M4,100,100,0,적정,0
R-F6025FC2,M5,33.3,75,41.7,과대평가,1
R-F6025FC2,M6,62.5,75,12.5,적정,0
R-F6025FC2,M7,75,75,0,적정,0
R-F6025FC2,M8,33.3,75,41.7,과대평가,1
R-CB7CF07C,M1,100,100,0,적정,0
R-CB7CF07C,M2,33.3,100,66.7,과대평가,1
R-CB7CF07C,M3,70.9,100,29.1,적정,0
R-CB7CF07C,M4,66.7,100,33.3,과대평가,0
R-CB7CF07C,M5,33.3,75,41.7,과대평가,1
R-CB7CF07C,M6,37.5,75,37.5,과대평가,1
R-CB7CF07C,M7,75,75,0,적정,0
R-CB7CF07C,M8,66.7,75,8.3,적정,0
R-CA8B0FBA,M1,100,75,-25,적정,0
R-CA8B0FBA,M2,66.7,50,-16.7,적정,0
R-CA8B0FBA,M3,33.3,50,16.7,적정,1
R-CA8B0FBA,M4,100,75,-25,적정,0
R-CA8B0FBA,M5,66.7,100,33.3,과대평가,0
R-CA8B0FBA,M6,16.7,75,58.3,과대평가,1
R-CA8B0FBA,M7,41.7,50,8.3,적정,1
R-CA8B0FBA,M8,0,75,75,과대평가,1
R-30BBDA0A,M1,66.7,75,8.3,적정,0
R-30BBDA0A,M2,66.7,100,33.3,과대평가,0
R-30BBDA0A,M3,54.2,75,20.8,적정,1
R-30BBDA0A,M4,66.7,100,33.3,과대평가,0
R-30BBDA0A,M5,33.3,75,41.7,과대평가,1
R-30BBDA0A,M6,50,75,25,적정,1
R-30BBDA0A,M7,66.7,100,33.3,과대평가,0
R-30BBDA0A,M8,33.3,75,41.7,과대평가,1
R-0017282C,M1,100,100,0,적정,0
R-0017282C,M2,100,100,0,적정,0
R-0017282C,M3,95.9,100,4.1,적정,0
R-0017282C,M4,100,100,0,적정,0
R-0017282C,M5,100,100,0,적정,0
R-0017282C,M6,79.2,75,-4.2,적정,0
R-0017282C,M7,87.5,100,12.5,적정,0
R-0017282C,M8,100,100,0,적정,0
R-70391A91,M1,66.7,100,33.3,과대평가,0
R-70391A91,M2,66.7,50,-16.7,적정,0
R-70391A91,M3,87.5,100,12.5,적정,0
R-70391A91,M4,66.7,75,8.3,적정,0
R-70391A91,M5,66.7,100,33.3,과대평가,0
R-70391A91,M6,41.7,75,33.3,과대평가,1
R-70391A91,M7,50,50,0,적정,1
R-70391A91,M8,100,100,0,적정,0
R-7CABE2CF,M1,100,100,0,적정,0
R-7CABE2CF,M2,100,100,0,적정,0
R-7CABE2CF,M3,83.4,100,16.6,적정,0
R-7CABE2CF,M4,66.7,100,33.3,과대평가,0
R-7CABE2CF,M5,100,100,0,적정,0
R-7CABE2CF,M6,50,100,50,과대평가,1
R-7CABE2CF,M7,41.7,100,58.3,과대평가,1
R-7CABE2CF,M8,100,100,0,적정,0
R-BEF812EE,M1,66.7,75,8.3,적정,0
R-BEF812EE,M2,33.3,75,41.7,과대평가,1
R-BEF812EE,M3,45.8,75,29.2,적정,1
R-BEF812EE,M4,33.3,75,41.7,과대평가,1
R-BEF812EE,M5,100,75,-25,적정,0
R-BEF812EE,M6,16.7,25,8.3,적정,1
R-BEF812EE,M7,41.7,75,33.3,과대평가,1
R-BEF812EE,M8,66.7,75,8.3,적정,0
R-1E63C245,M1,100,100,0,적정,0
R-1E63C245,M2,100,100,0,적정,0
R-1E63C245,M3,87.5,100,12.5,적정,0
R-1E63C245,M4,66.7,100,33.3,과대평가,0
R-1E63C245,M5,100,100,0,적정,0
R-1E63C245,M6,37.5,75,37.5,과대평가,1
R-1E63C245,M7,45.8,75,29.2,적정,1
R-1E63C245,M8,66.7,100,33.3,과대평가,0
R-BF793960,M1,33.3,75,41.7,과대평가,1
R-BF793960,M2,33.3,75,41.7,과대평가,1
R-BF793960,M3,66.7,75,8.3,적정,0
R-BF793960,M4,66.7,50,-16.7,적정,0
R-BF793960,M5,0,75,75,과대평가,1
R-BF793960,M6,29.2,50,20.8,적정,1
R-BF793960,M7,12.5,50,37.5,과대평가,1
R-BF793960,M8,33.3,50,16.7,적정,1
R-5DA74AA9,M1,100,75,-25,적정,0
R-5DA74AA9,M2,100,100,0,적정,0
R-5DA74AA9,M3,87.5,100,12.5,적정,0
R-5DA74AA9,M4,100,75,-25,적정,0
R-5DA74AA9,M5,100,100,0,적정,0
R-5DA74AA9,M6,20.9,75,54.1,과대평가,1
R-5DA74AA9,M7,37.5,75,37.5,과대평가,1
R-5DA74AA9,M8,33.3,50,16.7,적정,1
R-5818F990,M1,100,75,-25,적정,0
R-5818F990,M2,66.7,100,33.3,과대평가,0
R-5818F990,M3,91.7,100,8.3,적정,0
R-5818F990,M4,66.7,100,33.3,과대평가,0
R-5818F990,M5,100,75,-25,적정,0
R-5818F990,M6,66.7,50,-16.7,적정,0
R-5818F990,M7,62.5,50,-12.5,적정,0
R-5818F990,M8,100,100,0,적정,0
R-D2F4B35C,M1,33.3,75,41.7,과대평가,1
R-D2F4B35C,M2,66.7,100,33.3,과대평가,0
R-D2F4B35C,M3,66.7,100,33.3,과대평가,0
R-D2F4B35C,M4,100,100,0,적정,0
R-D2F4B35C,M5,66.7,100,33.3,과대평가,0
R-D2F4B35C,M6,79.2,75,-4.2,적정,0
R-D2F4B35C,M7,62.5,100,37.5,과대평가,0
R-D2F4B35C,M8,66.7,75,8.3,적정,0
R-37025760,M1,66.7,75,8.3,적정,0
R-37025760,M2,33.3,100,66.7,과대평가,1
R-37025760,M3,62.5,50,-12.5,적정,0
R-37025760,M4,100,75,-25,적정,0
R-37025760,M5,100,100,0,적정,0
R-37025760,M6,41.7,75,33.3,과대평가,1
R-37025760,M7,25,50,25,적정,1
R-37025760,M8,100,75,-25,적정,0
R-6E103774,M1,66.7,75,8.3,적정,0
R-6E103774,M2,33.3,50,16.7,적정,1
R-6E103774,M3,79.2,75,-4.2,적정,0
R-6E103774,M4,66.7,75,8.3,적정,0
R-6E103774,M5,66.7,75,8.3,적정,0
R-6E103774,M6,83.4,75,-8.4,적정,0
R-6E103774,M7,50,75,25,적정,1
R-6E103774,M8,33.3,75,41.7,과대평가,1
R-F2C8358C,M1,100,75,-25,적정,0
R-F2C8358C,M2,66.7,75,8.3,적정,0
R-F2C8358C,M3,62.5,50,-12.5,적정,0
R-F2C8358C,M4,66.7,25,-41.7,과소평가,0
R-F2C8358C,M5,0,50,50,과대평가,1
R-F2C8358C,M6,41.7,50,8.3,적정,1
R-F2C8358C,M7,79.2,50,-29.2,적정,0
R-F2C8358C,M8,33.3,50,16.7,적정,1
R-5FE3F8DA,M1,100,100,0,적정,0
R-5FE3F8DA,M2,100,100,0,적정,0
R-5FE3F8DA,M3,91.7,75,-16.7,적정,0
R-5FE3F8DA,M4,33.3,75,41.7,과대평가,1
R-5FE3F8DA,M5,100,75,-25,적정,0
R-5FE3F8DA,M6,58.4,50,-8.4,적정,1
R-5FE3F8DA,M7,83.4,75,-8.4,적정,0
R-5FE3F8DA,M8,100,75,-25,적정,0
R-81080A83,M1,100,100,0,적정,0
R-81080A83,M2,66.7,50,-16.7,적정,0
R-81080A83,M3,70.9,100,29.1,적정,0
R-81080A83,M4,100,100,0,적정,0
R-81080A83,M5,33.3,50,16.7,적정,1
R-81080A83,M6,79.2,100,20.8,적정,0
R-81080A83,M7,50,75,25,적정,1
R-81080A83,M8,66.7,50,-16.7,적정,0
R-1322658F,M1,66.7,100,33.3,과대평가,0
R-1322658F,M2,66.7,75,8.3,적정,0
R-1322658F,M3,87.5,100,12.5,적정,0
R-1322658F,M4,100,75,-25,적정,0
R-1322658F,M5,100,75,-25,적정,0
R-1322658F,M6,58.4,75,16.6,적정,1
R-1322658F,M7,79.2,75,-4.2,적정,0
R-1322658F,M8,66.7,50,-16.7,적정,0
R-2EB59D17,M1,100,75,-25,적정,0
R-2EB59D17,M2,66.7,50,-16.7,적정,0
R-2EB59D17,M3,50,50,0,적정,1
R-2EB59D17,M4,66.7,50,-16.7,적정,0
R-2EB59D17,M5,100,100,0,적정,0
R-2EB59D17,M6,66.7,75,8.3,적정,0
R-2EB59D17,M7,33.3,25,-8.3,적정,1
R-2EB59D17,M8,66.7,50,-16.7,적정,0
R-586BF6C4,M1,100,75,-25,적정,0
R-586BF6C4,M2,66.7,100,33.3,과대평가,0
R-586BF6C4,M3,79.2,75,-4.2,적정,0
R-586BF6C4,M4,66.7,75,8.3,적정,0
R-586BF6C4,M5,66.7,50,-16.7,적정,0
R-586BF6C4,M6,54.2,75,20.8,적정,1
R-586BF6C4,M7,62.5,50,-12.5,적정,0
R-586BF6C4,M8,33.3,50,16.7,적정,1
R-71BD71D6,M1,33.3,75,41.7,과대평가,1
R-71BD71D6,M2,100,75,-25,적정,0
R-71BD71D6,M3,87.5,100,12.5,적정,0
R-71BD71D6,M4,100,50,-50,과소평가,0
R-71BD71D6,M5,100,75,-25,적정,0
R-71BD71D6,M6,45.8,75,29.2,적정,1
R-71BD71D6,M7,50,50,0,적정,1
R-71BD71D6,M8,0,75,75,과대평가,1
R-03A6ECFC,M1,66.7,75,8.3,적정,0
R-03A6ECFC,M2,100,100,0,적정,0
R-03A6ECFC,M3,62.5,100,37.5,과대평가,0
R-03A6ECFC,M4,33.3,75,41.7,과대평가,1
R-03A6ECFC,M5,66.7,75,8.3,적정,0
R-03A6ECFC,M6,87.5,100,12.5,적정,0
R-03A6ECFC,M7,66.7,75,8.3,적정,0
R-03A6ECFC,M8,100,75,-25,적정,0
R-E93BD47C,M1,100,100,0,적정,0
R-E93BD47C,M2,33.3,100,66.7,과대평가,1
R-E93BD47C,M3,70.9,100,29.1,적정,0
R-E93BD47C,M4,66.7,75,8.3,적정,0
R-E93BD47C,M5,66.7,100,33.3,과대평가,0
R-E93BD47C,M6,66.7,100,33.3,과대평가,0
R-E93BD47C,M7,79.2,75,-4.2,적정,0
R-E93BD47C,M8,66.7,75,8.3,적정,0
R-0BDAA80A,M1,33.3,75,41.7,과대평가,1
R-0BDAA80A,M2,66.7,75,8.3,적정,0
R-0BDAA80A,M3,33.3,75,41.7,과대평가,1
R-0BDAA80A,M4,66.7,75,8.3,적정,0
R-0BDAA80A,M5,66.7,75,8.3,적정,0
R-0BDAA80A,M6,75,100,25,적정,0
R-0BDAA80A,M7,29.2,50,20.8,적정,1
R-0BDAA80A,M8,33.3,50,16.7,적정,1
R-56C4C90C,M1,100,100,0,적정,0
R-56C4C90C,M2,100,100,0,적정,0
R-56C4C90C,M3,58.3,100,41.7,과대평가,1
R-56C4C90C,M4,66.7,100,33.3,과대평가,0
R-56C4C90C,M5,100,75,-25,적정,0
R-56C4C90C,M6,66.7,75,8.3,적정,0
R-56C4C90C,M7,95.9,100,4.1,적정,0
R-56C4C90C,M8,66.7,75,8.3,적정,0
R-1470D501,M1,66.7,100,33.3,과대평가,0
R-1470D501,M2,100,100,0,적정,0
R-1470D501,M3,70.9,100,29.1,적정,0
R-1470D501,M4,100,75,-25,적정,0
R-1470D501,M5,66.7,100,33.3,과대평가,0
R-1470D501,M6,58.4,75,16.6,적정,1
R-1470D501,M7,70.9,75,4.1,적정,0
R-1470D501,M8,100,50,-50,과소평가,0
R-FBE8678A,M1,66.7,75,8.3,적정,0
R-FBE8678A,M2,66.7,75,8.3,적정,0
R-FBE8678A,M3,75,75,0,적정,0
R-FBE8678A,M4,66.7,75,8.3,적정,0
R-FBE8678A,M5,66.7,100,33.3,과대평가,0
R-FBE8678A,M6,83.4,100,16.6,적정,0
R-FBE8678A,M7,25,75,50,과대평가,1
R-FBE8678A,M8,33.3,50,16.7,적정,1
R-5F6E507E,M1,66.7,75,8.3,적정,0
R-5F6E507E,M2,100,100,0,적정,0
R-5F6E507E,M3,75,75,0,적정,0
R-5F6E507E,M4,66.7,75,8.3,적정,0
R-5F6E507E,M5,66.7,50,-16.7,적정,0
R-5F6E507E,M6,66.7,75,8.3,적정,0
R-5F6E507E,M7,45.9,100,54.1,과대평가,1
R-5F6E507E,M8,100,75,-25,적정,0
R-FA8C5EE8,M1,100,100,0,적정,0
R-FA8C5EE8,M2,100,100,0,적정,0
R-FA8C5EE8,M3,83.4,75,-8.4,적정,0
R-FA8C5EE8,M4,100,100,0,적정,0
R-FA8C5EE8,M5,66.7,50,-16.7,적정,0
R-FA8C5EE8,M6,41.7,75,33.3,과대평가,1
R-FA8C5EE8,M7,70.9,100,29.1,적정,0
R-FA8C5EE8,M8,33.3,50,16.7,적정,1
R-908DC173,M1,66.7,50,-16.7,적정,0
R-908DC173,M2,100,75,-25,적정,0
R-908DC173,M3,58.4,50,-8.4,적정,1
R-908DC173,M4,33.3,50,16.7,적정,1
R-908DC173,M5,33.3,50,16.7,적정,1
R-908DC173,M6,83.4,75,-8.4,적정,0
R-908DC173,M7,58.4,50,-8.4,적정,1
R-908DC173,M8,33.3,75,41.7,과대평가,1
R-A26F6827,M1,100,75,-25,적정,0
R-A26F6827,M2,100,75,-25,적정,0
R-A26F6827,M3,62.5,75,12.5,적정,0
R-A26F6827,M4,100,50,-50,과소평가,0
R-A26F6827,M5,66.7,50,-16.7,적정,0
R-A26F6827,M6,20.9,50,29.1,적정,1
R-A26F6827,M7,33.3,50,16.7,적정,1
R-A26F6827,M8,66.7,50,-16.7,적정,0
R-C96318F0,M1,66.7,50,-16.7,적정,0
R-C96318F0,M2,33.3,75,41.7,과대평가,1
R-C96318F0,M3,79.2,75,-4.2,적정,0
R-C96318F0,M4,66.7,50,-16.7,적정,0
R-C96318F0,M5,33.3,50,16.7,적정,1
R-C96318F0,M6,79.2,75,-4.2,적정,0
R-C96318F0,M7,45.8,50,4.2,적정,1
R-C96318F0,M8,66.7,50,-16.7,적정,0
R-6289D022,M1,66.7,75,8.3,적정,0
R-6289D022,M2,100,75,-25,적정,0
R-6289D022,M3,29.2,75,45.8,과대평가,1
R-6289D022,M4,66.7,75,8.3,적정,0
R-6289D022,M5,66.7,100,33.3,과대평가,0
R-6289D022,M6,66.7,50,-16.7,적정,0
R-6289D022,M7,62.5,50,-12.5,적정,0
R-6289D022,M8,33.3,50,16.7,적정,1
R-B4FF8E0B,M1,100,100,0,적정,0
R-B4FF8E0B,M2,100,100,0,적정,0
R-B4FF8E0B,M3,91.7,100,8.3,적정,0
R-B4FF8E0B,M4,100,75,-25,적정,0
R-B4FF8E0B,M5,66.7,75,8.3,적정,0
R-B4FF8E0B,M6,70.9,75,4.1,적정,0
R-B4FF8E0B,M7,70.9,75,4.1,적정,0
R-B4FF8E0B,M8,100,100,0,적정,0
R-09877856,M1,100,100,0,적정,0
R-09877856,M2,33.3,100,66.7,과대평가,1
R-09877856,M3,79.2,75,-4.2,적정,0
R-09877856,M4,66.7,75,8.3,적정,0
R-09877856,M5,66.7,100,33.3,과대평가,0
R-09877856,M6,70.9,100,29.1,적정,0
R-09877856,M7,70.9,50,-20.9,적정,0
R-09877856,M8,33.3,75,41.7,과대평가,1
R-26402E7D,M1,100,100,0,적정,0
R-26402E7D,M2,66.7,75,8.3,적정,0
R-26402E7D,M3,62.5,50,-12.5,적정,0
R-26402E7D,M4,66.7,50,-16.7,적정,0
R-26402E7D,M5,100,50,-50,과소평가,0
R-26402E7D,M6,41.7,25,-16.7,적정,1
R-26402E7D,M7,50,75,25,적정,1
R-26402E7D,M8,33.3,50,16.7,적정,1
R-99F45B24,M1,66.7,100,33.3,과대평가,0
R-99F45B24,M2,66.7,100,33.3,과대평가,0
R-99F45B24,M3,33.3,75,41.7,과대평가,1
R-99F45B24,M4,100,75,-25,적정,0
R-99F45B24,M5,33.3,100,66.7,과대평가,1
R-99F45B24,M6,37.5,75,37.5,과대평가,1
R-99F45B24,M7,45.8,75,29.2,적정,1
R-99F45B24,M8,33.3,75,41.7,과대평가,1
R-3C3AE035,M1,0,100,100,과대평가,1
R-3C3AE035,M2,100,75,-25,적정,0
R-3C3AE035,M3,75,50,-25,적정,0
R-3C3AE035,M4,66.7,50,-16.7,적정,0
R-3C3AE035,M5,66.7,75,8.3,적정,0
R-3C3AE035,M6,45.8,50,4.2,적정,1
R-3C3AE035,M7,70.9,75,4.1,적정,0
R-3C3AE035,M8,0,50,50,과대평가,1
R-B142BB26,M1,100,100,0,적정,0
R-B142BB26,M2,100,75,-25,적정,0
R-B142BB26,M3,100,100,0,적정,0
R-B142BB26,M4,100,75,-25,적정,0
R-B142BB26,M5,100,100,0,적정,0
R-B142BB26,M6,95.9,100,4.1,적정,0
R-B142BB26,M7,58.4,75,16.6,적정,1
R-B142BB26,M8,33.3,75,41.7,과대평가,1
R-FB831621,M1,100,100,0,적정,0
R-FB831621,M2,100,100,0,적정,0
R-FB831621,M3,91.7,100,8.3,적정,0
R-FB831621,M4,100,100,0,적정,0
R-FB831621,M5,66.7,75,8.3,적정,0
R-FB831621,M6,87.5,100,12.5,적정,0
R-FB831621,M7,70.9,100,29.1,적정,0
R-FB831621,M8,100,75,-25,적정,0
R-1C7E169A,M1,100,75,-25,적정,0
R-1C7E169A,M2,100,75,-25,적정,0
R-1C7E169A,M3,83.4,75,-8.4,적정,0
R-1C7E169A,M4,66.7,50,-16.7,적정,0
R-1C7E169A,M5,100,75,-25,적정,0
R-1C7E169A,M6,29.2,50,20.8,적정,1
R-1C7E169A,M7,62.5,50,-12.5,적정,0
R-1C7E169A,M8,66.7,75,8.3,적정,0
R-BE78F17E,M1,100,50,-50,과소평가,0
R-BE78F17E,M2,66.7,75,8.3,적정,0
R-BE78F17E,M3,75,75,0,적정,0
R-BE78F17E,M4,66.7,25,-41.7,과소평가,0
R-BE78F17E,M5,66.7,50,-16.7,적정,0
R-BE78F17E,M6,79.2,75,-4.2,적정,0
R-BE78F17E,M7,58.4,50,-8.4,적정,1
R-BE78F17E,M8,100,25,-75,과소평가,0
R-3FEF0320,M1,100,100,0,적정,0
R-3FEF0320,M2,66.7,75,8.3,적정,0
R-3FEF0320,M3,79.2,75,-4.2,적정,0
R-3FEF0320,M4,66.7,50,-16.7,적정,0
R-3FEF0320,M5,66.7,75,8.3,적정,0
R-3FEF0320,M6,58.3,75,16.7,적정,1
R-3FEF0320,M7,45.9,75,29.1,적정,1
R-3FEF0320,M8,100,50,-50,과소평가,0
R-DB935631,M1,66.7,75,8.3,적정,0
R-DB935631,M2,33.3,50,16.7,적정,1
R-DB935631,M3,70.9,50,-20.9,적정,0
R-DB935631,M4,66.7,75,8.3,적정,0
R-DB935631,M5,33.3,75,41.7,과대평가,1
R-DB935631,M6,79.2,100,20.8,적정,0
R-DB935631,M7,37.5,25,-12.5,적정,1
R-DB935631,M8,0,50,50,과대평가,1
R-609FADE4,M1,100,100,0,적정,0
R-609FADE4,M2,66.7,100,33.3,과대평가,0
R-609FADE4,M3,91.7,100,8.3,적정,0
R-609FADE4,M4,100,100,0,적정,0
R-609FADE4,M5,100,100,0,적정,0
R-609FADE4,M6,95.9,100,4.1,적정,0
R-609FADE4,M7,95.9,100,4.1,적정,0
R-609FADE4,M8,66.7,75,8.3,적정,0
R-742FE1D8,M1,66.7,100,33.3,과대평가,0
R-742FE1D8,M2,100,100,0,적정,0
R-742FE1D8,M3,83.4,75,-8.4,적정,0
R-742FE1D8,M4,100,75,-25,적정,0
R-742FE1D8,M5,100,75,-25,적정,0
R-742FE1D8,M6,70.9,75,4.1,적정,0
R-742FE1D8,M7,62.5,50,-12.5,적정,0
R-742FE1D8,M8,33.3,75,41.7,과대평가,1
R-F97107B7,M1,100,75,-25,적정,0
R-F97107B7,M2,66.7,75,8.3,적정,0
R-F97107B7,M3,54.2,75,20.8,적정,1
R-F97107B7,M4,66.7,75,8.3,적정,0
R-F97107B7,M5,66.7,50,-16.7,적정,0
R-F97107B7,M6,62.5,75,12.5,적정,0
R-F97107B7,M7,54.2,50,-4.2,적정,1
R-F97107B7,M8,66.7,50,-16.7,적정,0
R-7717C5D6,M1,100,100,0,적정,0
R-7717C5D6,M2,100,100,0,적정,0
R-7717C5D6,M3,66.7,75,8.3,적정,0
R-7717C5D6,M4,66.7,50,-16.7,적정,0
R-7717C5D6,M5,33.3,100,66.7,과대평가,1
R-7717C5D6,M6,91.7,100,8.3,적정,0
R-7717C5D6,M7,70.9,100,29.1,적정,0
R-7717C5D6,M8,33.3,50,16.7,적정,1
R-2FDA5A98,M1,100,100,0,적정,0
R-2FDA5A98,M2,100,100,0,적정,0
R-2FDA5A98,M3,87.5,100,12.5,적정,0
R-2FDA5A98,M4,100,75,-25,적정,0
R-2FDA5A98,M5,100,100,0,적정,0
R-2FDA5A98,M6,87.5,75,-12.5,적정,0
R-2FDA5A98,M7,91.7,75,-16.7,적정,0
R-2FDA5A98,M8,33.3,75,41.7,과대평가,1
R-F7A165D9,M1,100,100,0,적정,0
R-F7A165D9,M2,66.7,100,33.3,과대평가,0
R-F7A165D9,M3,95.9,75,-20.9,적정,0
R-F7A165D9,M4,33.3,75,41.7,과대평가,1
R-F7A165D9,M5,100,100,0,적정,0
R-F7A165D9,M6,91.7,100,8.3,적정,0
R-F7A165D9,M7,50,100,50,과대평가,1
R-F7A165D9,M8,66.7,75,8.3,적정,0
R-0A59AD58,M1,66.7,75,8.3,적정,0
R-0A59AD58,M2,33.3,50,16.7,적정,1
R-0A59AD58,M3,50,50,0,적정,1
R-0A59AD58,M4,100,75,-25,적정,0
R-0A59AD58,M5,100,75,-25,적정,0
R-0A59AD58,M6,62.5,75,12.5,적정,0
R-0A59AD58,M7,25,100,75,과대평가,1
R-0A59AD58,M8,0,75,75,과대평가,1
R-23153A9E,M1,33.3,50,16.7,적정,1
R-23153A9E,M2,100,50,-50,과소평가,0
R-23153A9E,M3,66.7,75,8.3,적정,0
R-23153A9E,M4,66.7,75,8.3,적정,0
R-23153A9E,M5,0,50,50,과대평가,1
R-23153A9E,M6,29.2,100,70.8,과대평가,1
R-23153A9E,M7,45.8,50,4.2,적정,1
R-23153A9E,M8,33.3,50,16.7,적정,1
R-9C727205,M1,33.3,75,41.7,과대평가,1
R-9C727205,M2,100,75,-25,적정,0
R-9C727205,M3,83.4,75,-8.4,적정,0
R-9C727205,M4,33.3,75,41.7,과대평가,1
R-9C727205,M5,66.7,50,-16.7,적정,0
R-9C727205,M6,62.5,50,-12.5,적정,0
R-9C727205,M7,58.4,50,-8.4,적정,1
R-9C727205,M8,33.3,50,16.7,적정,1
R-0CB3B210,M1,66.7,100,33.3,과대평가,0
R-0CB3B210,M2,100,75,-25,적정,0
R-0CB3B210,M3,83.4,75,-8.4,적정,0
R-0CB3B210,M4,66.7,75,8.3,적정,0
R-0CB3B210,M5,66.7,75,8.3,적정,0
R-0CB3B210,M6,54.2,100,45.8,과대평가,1
R-0CB3B210,M7,66.7,75,8.3,적정,0
R-0CB3B210,M8,66.7,75,8.3,적정,0
R-5E003FCF,M1,66.7,75,8.3,적정,0
R-5E003FCF,M2,33.3,75,41.7,과대평가,1
R-5E003FCF,M3,79.2,50,-29.2,적정,0
R-5E003FCF,M4,66.7,75,8.3,적정,0
R-5E003FCF,M5,66.7,50,-16.7,적정,0
R-5E003FCF,M6,45.8,75,29.2,적정,1
R-5E003FCF,M7,37.5,75,37.5,과대평가,1
R-5E003FCF,M8,66.7,75,8.3,적정,0
R-CD444884,M1,33.3,100,66.7,과대평가,1
R-CD444884,M2,100,100,0,적정,0
R-CD444884,M3,70.9,100,29.1,적정,0
R-CD444884,M4,100,100,0,적정,0
R-CD444884,M5,100,75,-25,적정,0
R-CD444884,M6,100,100,0,적정,0
R-CD444884,M7,87.5,75,-12.5,적정,0
R-CD444884,M8,66.7,75,8.3,적정,0
R-231A767F,M1,100,75,-25,적정,0
R-231A767F,M2,100,75,-25,적정,0
R-231A767F,M3,58.4,75,16.6,적정,1
R-231A767F,M4,0,75,75,과대평가,1
R-231A767F,M5,66.7,75,8.3,적정,0
R-231A767F,M6,50,100,50,과대평가,1
R-231A767F,M7,66.7,75,8.3,적정,0
R-231A767F,M8,33.3,50,16.7,적정,1
R-E2C5BAC0,M1,33.3,25,-8.3,적정,1
R-E2C5BAC0,M2,100,50,-50,과소평가,0
R-E2C5BAC0,M3,41.7,50,8.3,적정,1
R-E2C5BAC0,M4,66.7,50,-16.7,적정,0
R-E2C5BAC0,M5,66.7,50,-16.7,적정,0
R-E2C5BAC0,M6,29.2,0,-29.2,적정,1
R-E2C5BAC0,M7,66.7,50,-16.7,적정,0
R-E2C5BAC0,M8,66.7,25,-41.7,과소평가,0
R-CE3B5018,M1,100,75,-25,적정,0
R-CE3B5018,M2,100,100,0,적정,0
R-CE3B5018,M3,95.9,100,4.1,적정,0
R-CE3B5018,M4,100,100,0,적정,0
R-CE3B5018,M5,66.7,100,33.3,과대평가,0
R-CE3B5018,M6,91.7,100,8.3,적정,0
R-CE3B5018,M7,91.7,100,8.3,적정,0
R-CE3B5018,M8,100,75,-25,적정,0
R-E2F49868,M1,33.3,50,16.7,적정,1
R-E2F49868,M2,100,50,-50,과소평가,0
R-E2F49868,M3,45.8,50,4.2,적정,1
R-E2F49868,M4,66.7,50,-16.7,적정,0
R-E2F49868,M5,100,50,-50,과소평가,0
R-E2F49868,M6,66.7,75,8.3,적정,0
R-E2F49868,M7,66.7,25,-41.7,과소평가,0
R-E2F49868,M8,66.7,50,-16.7,적정,0
R-52963E74,M1,100,100,0,적정,0
R-52963E74,M2,100,100,0,적정,0
R-52963E74,M3,100,100,0,적정,0
R-52963E74,M4,100,100,0,적정,0
R-52963E74,M5,100,100,0,적정,0
R-52963E74,M6,95.9,100,4.1,적정,0
R-52963E74,M7,83.4,100,16.6,적정,0
R-52963E74,M8,100,100,0,적정,0
R-5259CDFA,M1,66.7,75,8.3,적정,0
R-5259CDFA,M2,0,75,75,과대평가,1
R-5259CDFA,M3,66.7,75,8.3,적정,0
R-5259CDFA,M4,66.7,75,8.3,적정,0
R-5259CDFA,M5,100,50,-50,과소평가,0
R-5259CDFA,M6,75,75,0,적정,0
R-5259CDFA,M7,58.3,100,41.7,과대평가,1
R-5259CDFA,M8,33.3,50,16.7,적정,1
R-0205EF52,M1,100,100,0,적정,0
R-0205EF52,M2,66.7,75,8.3,적정,0
R-0205EF52,M3,62.5,75,12.5,적정,0
R-0205EF52,M4,100,50,-50,과소평가,0
R-0205EF52,M5,0,75,75,과대평가,1
R-0205EF52,M6,83.4,100,16.6,적정,0
R-0205EF52,M7,66.7,75,8.3,적정,0
R-0205EF52,M8,33.3,75,41.7,과대평가,1
R-05A22F52,M1,66.7,100,33.3,과대평가,0
R-05A22F52,M2,100,100,0,적정,0
R-05A22F52,M3,83.4,75,-8.4,적정,0
R-05A22F52,M4,66.7,75,8.3,적정,0
R-05A22F52,M5,66.7,50,-16.7,적정,0
R-05A22F52,M6,100,50,-50,과소평가,0
R-05A22F52,M7,66.7,75,8.3,적정,0
R-05A22F52,M8,100,75,-25,적정,0
R-0AFEE9F7,M1,33.3,75,41.7,과대평가,1
R-0AFEE9F7,M2,66.7,75,8.3,적정,0
R-0AFEE9F7,M3,87.5,100,12.5,적정,0
R-0AFEE9F7,M4,66.7,50,-16.7,적정,0
R-0AFEE9F7,M5,33.3,75,41.7,과대평가,1
R-0AFEE9F7,M6,87.5,100,12.5,적정,0
R-0AFEE9F7,M7,66.7,75,8.3,적정,0
R-0AFEE9F7,M8,66.7,75,8.3,적정,0
R-EEDDB909,M1,33.3,75,41.7,과대평가,1
R-EEDDB909,M2,66.7,50,-16.7,적정,0
R-EEDDB909,M3,70.9,50,-20.9,적정,0
R-EEDDB909,M4,100,75,-25,적정,0
R-EEDDB909,M5,0,50,50,과대평가,1
R-EEDDB909,M6,83.4,75,-8.4,적정,0
R-EEDDB909,M7,50,50,0,적정,1
R-EEDDB909,M8,66.7,50,-16.7,적정,0
R-20CAD49C,M1,100,100,0,적정,0
R-20CAD49C,M2,100,100,0,적정,0
R-20CAD49C,M3,50,75,25,적정,1
R-20CAD49C,M4,100,100,0,적정,0
R-20CAD49C,M5,33.3,75,41.7,과대평가,1
R-20CAD49C,M6,45.9,75,29.1,적정,1
R-20CAD49C,M7,45.8,75,29.2,적정,1
R-20CAD49C,M8,66.7,75,8.3,적정,0
R-051F0A4E,M1,66.7,100,33.3,과대평가,0
R-051F0A4E,M2,100,75,-25,적정,0
R-051F0A4E,M3,91.7,75,-16.7,적정,0
R-051F0A4E,M4,66.7,50,-16.7,적정,0
R-051F0A4E,M5,100,75,-25,적정,0
R-051F0A4E,M6,62.5,75,12.5,적정,0
R-051F0A4E,M7,70.9,100,29.1,적정,0
R-051F0A4E,M8,66.7,50,-16.7,적정,0
R-2E58FB44,M1,100,75,-25,적정,0
R-2E58FB44,M2,66.7,100,33.3,과대평가,0
R-2E58FB44,M3,66.7,75,8.3,적정,0
R-2E58FB44,M4,100,50,-50,과소평가,0
R-2E58FB44,M5,100,100,0,적정,0
R-2E58FB44,M6,70.9,100,29.1,적정,0
R-2E58FB44,M7,66.7,100,33.3,과대평가,0
R-2E58FB44,M8,66.7,50,-16.7,적정,0
R-E18FC58A,M1,66.7,50,-16.7,적정,0
R-E18FC58A,M2,66.7,75,8.3,적정,0
R-E18FC58A,M3,58.4,75,16.6,적정,1
R-E18FC58A,M4,66.7,75,8.3,적정,0
R-E18FC58A,M5,100,75,-25,적정,0
R-E18FC58A,M6,75,75,0,적정,0
R-E18FC58A,M7,70.9,50,-20.9,적정,0
R-E18FC58A,M8,33.3,50,16.7,적정,1
R-705BDBF9,M1,100,75,-25,적정,0
R-705BDBF9,M2,66.7,75,8.3,적정,0
R-705BDBF9,M3,79.2,75,-4.2,적정,0
R-705BDBF9,M4,100,100,0,적정,0
R-705BDBF9,M5,66.7,100,33.3,과대평가,0
R-705BDBF9,M6,87.5,100,12.5,적정,0
R-705BDBF9,M7,83.4,75,-8.4,적정,0
R-705BDBF9,M8,100,75,-25,적정,0
R-FED386AA,M1,100,75,-25,적정,0
R-FED386AA,M2,100,75,-25,적정,0
R-FED386AA,M3,58.4,25,-33.4,과소평가,1
R-FED386AA,M4,100,50,-50,과소평가,0
R-FED386AA,M5,66.7,75,8.3,적정,0
R-FED386AA,M6,50,50,0,적정,1
R-FED386AA,M7,50,25,-25,적정,1
R-FED386AA,M8,100,50,-50,과소평가,0
R-0A13B75D,M1,66.7,75,8.3,적정,0
R-0A13B75D,M2,33.3,75,41.7,과대평가,1
R-0A13B75D,M3,50,75,25,적정,1
R-0A13B75D,M4,66.7,75,8.3,적정,0
R-0A13B75D,M5,66.7,75,8.3,적정,0
R-0A13B75D,M6,62.5,75,12.5,적정,0
R-0A13B75D,M7,37.5,50,12.5,적정,1
R-0A13B75D,M8,66.7,75,8.3,적정,0
R-54BFF7B2,M1,100,100,0,적정,0
R-54BFF7B2,M2,33.3,75,41.7,과대평가,1
R-54BFF7B2,M3,29.2,75,45.8,과대평가,1
R-54BFF7B2,M4,66.7,75,8.3,적정,0
R-54BFF7B2,M5,100,100,0,적정,0
R-54BFF7B2,M6,91.7,75,-16.7,적정,0
R-54BFF7B2,M7,79.2,75,-4.2,적정,0
R-54BFF7B2,M8,100,100,0,적정,0
R-52DE1DF2,M1,100,75,-25,적정,0
R-52DE1DF2,M2,66.7,75,8.3,적정,0
R-52DE1DF2,M3,50,50,0,적정,1
R-52DE1DF2,M4,100,75,-25,적정,0
R-52DE1DF2,M5,100,50,-50,과소평가,0
R-52DE1DF2,M6,83.4,50,-33.4,과소평가,0
R-52DE1DF2,M7,54.2,75,20.8,적정,1
R-52DE1DF2,M8,66.7,100,33.3,과대평가,0
R-24A3D027,M1,100,50,-50,과소평가,0
R-24A3D027,M2,33.3,25,-8.3,적정,1
R-24A3D027,M3,29.2,25,-4.2,적정,1
R-24A3D027,M4,100,75,-25,적정,0
R-24A3D027,M5,66.7,75,8.3,적정,0
R-24A3D027,M6,83.4,75,-8.4,적정,0
R-24A3D027,M7,54.2,50,-4.2,적정,1
R-24A3D027,M8,0,75,75,과대평가,1
R-20462E7D,M1,66.7,50,-16.7,적정,0
R-20462E7D,M2,33.3,50,16.7,적정,1
R-20462E7D,M3,33.3,0,-33.3,과소평가,1
R-20462E7D,M4,0,25,25,적정,1
R-20462E7D,M5,66.7,25,-41.7,과소평가,0
R-20462E7D,M6,66.7,50,-16.7,적정,0
R-20462E7D,M7,41.7,50,8.3,적정,1
R-20462E7D,M8,66.7,50,-16.7,적정,0
R-DE10B62B,M1,66.7,25,-41.7,과소평가,0
R-DE10B62B,M2,0,25,25,적정,1
R-DE10B62B,M3,75,50,-25,적정,0
R-DE10B62B,M4,66.7,25,-41.7,과소평가,0
R-DE10B62B,M5,66.7,0,-66.7,과소평가,0
R-DE10B62B,M6,58.4,75,16.6,적정,1
R-DE10B62B,M7,87.5,50,-37.5,과소평가,0
R-DE10B62B,M8,100,50,-50,과소평가,0
R-41E86079,M1,100,100,0,적정,0
R-41E86079,M2,100,75,-25,적정,0
R-41E86079,M3,66.7,50,-16.7,적정,0
R-41E86079,M4,66.7,75,8.3,적정,0
R-41E86079,M5,100,75,-25,적정,0
R-41E86079,M6,50,50,0,적정,1
R-41E86079,M7,70.9,100,29.1,적정,0
R-41E86079,M8,100,75,-25,적정,0
R-0327FF31,M1,33.3,50,16.7,적정,1
R-0327FF31,M2,33.3,25,-8.3,적정,1
R-0327FF31,M3,41.7,75,33.3,과대평가,1
R-0327FF31,M4,33.3,25,-8.3,적정,1
R-0327FF31,M5,33.3,25,-8.3,적정,1
R-0327FF31,M6,58.4,50,-8.4,적정,1
R-0327FF31,M7,37.5,50,12.5,적정,1
R-0327FF31,M8,33.3,50,16.7,적정,1
R-8C31A625,M1,100,75,-25,적정,0
R-8C31A625,M2,66.7,75,8.3,적정,0
R-8C31A625,M3,87.5,75,-12.5,적정,0
R-8C31A625,M4,66.7,50,-16.7,적정,0
R-8C31A625,M5,100,50,-50,과소평가,0
R-8C31A625,M6,54.2,75,20.8,적정,1
R-8C31A625,M7,83.4,50,-33.4,과소평가,0
R-8C31A625,M8,100,75,-25,적정,0
R-87694621,M1,100,75,-25,적정,0
R-87694621,M2,66.7,50,-16.7,적정,0
R-87694621,M3,70.9,75,4.1,적정,0
R-87694621,M4,0,75,75,과대평가,1
R-87694621,M5,33.3,50,16.7,적정,1
R-87694621,M6,62.5,50,-12.5,적정,0
R-87694621,M7,83.4,75,-8.4,적정,0
R-87694621,M8,66.7,50,-16.7,적정,0
R-F5789EF0,M1,33.3,50,16.7,적정,1
R-F5789EF0,M2,100,75,-25,적정,0
R-F5789EF0,M3,58.4,50,-8.4,적정,1
R-F5789EF0,M4,66.7,25,-41.7,과소평가,0
R-F5789EF0,M5,100,50,-50,과소평가,0
R-F5789EF0,M6,37.5,50,12.5,적정,1
R-F5789EF0,M7,16.7,75,58.3,과대평가,1
R-F5789EF0,M8,66.7,75,8.3,적정,0
R-D4E0A82F,M1,33.3,50,16.7,적정,1
R-D4E0A82F,M2,100,75,-25,적정,0
R-D4E0A82F,M3,41.7,25,-16.7,적정,1
R-D4E0A82F,M4,100,50,-50,과소평가,0
R-D4E0A82F,M5,100,75,-25,적정,0
R-D4E0A82F,M6,70.9,50,-20.9,적정,0
R-D4E0A82F,M7,66.7,50,-16.7,적정,0
R-D4E0A82F,M8,100,50,-50,과소평가,0
R-13DE481C,M1,66.7,50,-16.7,적정,0
R-13DE481C,M2,66.7,75,8.3,적정,0
R-13DE481C,M3,45.8,50,4.2,적정,1
R-13DE481C,M4,100,50,-50,과소평가,0
R-13DE481C,M5,100,75,-25,적정,0
R-13DE481C,M6,83.4,75,-8.4,적정,0
R-13DE481C,M7,50,100,50,과대평가,1
R-13DE481C,M8,100,75,-25,적정,0
R-A6B51927,M1,66.7,50,-16.7,적정,0
R-A6B51927,M2,66.7,75,8.3,적정,0
R-A6B51927,M3,54.2,50,-4.2,적정,1
R-A6B51927,M4,66.7,75,8.3,적정,0
R-A6B51927,M5,33.3,50,16.7,적정,1
R-A6B51927,M6,70.9,75,4.1,적정,0
R-A6B51927,M7,70.9,50,-20.9,적정,0
R-A6B51927,M8,100,75,-25,적정,0
R-B4A0D0B5,M1,100,75,-25,적정,0
R-B4A0D0B5,M2,100,75,-25,적정,0
R-B4A0D0B5,M3,66.7,25,-41.7,과소평가,0
R-B4A0D0B5,M4,33.3,50,16.7,적정,1
R-B4A0D0B5,M5,66.7,75,8.3,적정,0
R-B4A0D0B5,M6,20.9,50,29.1,적정,1
R-B4A0D0B5,M7,62.5,75,12.5,적정,0
R-B4A0D0B5,M8,66.7,50,-16.7,적정,0
R-A95F760B,M1,33.3,50,16.7,적정,1
R-A95F760B,M2,100,75,-25,적정,0
R-A95F760B,M3,45.9,25,-20.9,적정,1
R-A95F760B,M4,33.3,25,-8.3,적정,1
R-A95F760B,M5,33.3,50,16.7,적정,1
R-A95F760B,M6,50,25,-25,적정,1
R-A95F760B,M7,37.5,50,12.5,적정,1
R-A95F760B,M8,0,75,75,과대평가,1
R-FBF93CDD,M1,100,100,0,적정,0
R-FBF93CDD,M2,100,100,0,적정,0
R-FBF93CDD,M3,95.9,100,4.1,적정,0
R-FBF93CDD,M4,66.7,100,33.3,과대평가,0
R-FBF93CDD,M5,100,100,0,적정,0
R-FBF93CDD,M6,95.9,100,4.1,적정,0
R-FBF93CDD,M7,100,100,0,적정,0
R-FBF93CDD,M8,100,100,0,적정,0
R-31A5C7C7,M1,33.3,50,16.7,적정,1
R-31A5C7C7,M2,66.7,75,8.3,적정,0
R-31A5C7C7,M3,83.4,25,-58.4,과소평가,0
R-31A5C7C7,M4,66.7,50,-16.7,적정,0
R-31A5C7C7,M5,66.7,50,-16.7,적정,0
R-31A5C7C7,M6,83.4,75,-8.4,적정,0
R-31A5C7C7,M7,62.5,75,12.5,적정,0
R-31A5C7C7,M8,66.7,25,-41.7,과소평가,0
R-F647A7D7,M1,0,75,75,과대평가,1
R-F647A7D7,M2,33.3,50,16.7,적정,1
R-F647A7D7,M3,62.5,75,12.5,적정,0
R-F647A7D7,M4,100,75,-25,적정,0
R-F647A7D7,M5,66.7,75,8.3,적정,0
R-F647A7D7,M6,83.4,75,-8.4,적정,0
R-F647A7D7,M7,50,75,25,적정,1
R-F647A7D7,M8,33.3,75,41.7,과대평가,1
R-59BBB5AA,M1,100,100,0,적정,0
R-59BBB5AA,M2,33.3,50,16.7,적정,1
R-59BBB5AA,M3,12.5,50,37.5,과대평가,1
R-59BBB5AA,M4,33.3,50,16.7,적정,1
R-59BBB5AA,M5,66.7,100,33.3,과대평가,0
R-59BBB5AA,M6,58.4,50,-8.4,적정,1
R-59BBB5AA,M7,70.9,75,4.1,적정,0
R-59BBB5AA,M8,66.7,75,8.3,적정,0
R-52AAA1EC,M1,66.7,75,8.3,적정,0
R-52AAA1EC,M2,66.7,75,8.3,적정,0
R-52AAA1EC,M3,54.2,50,-4.2,적정,1
R-52AAA1EC,M4,66.7,50,-16.7,적정,0
R-52AAA1EC,M5,100,75,-25,적정,0
R-52AAA1EC,M6,91.7,75,-16.7,적정,0
R-52AAA1EC,M7,70.9,75,4.1,적정,0
R-52AAA1EC,M8,33.3,50,16.7,적정,1
R-5020DF39,M1,100,100,0,적정,0
R-5020DF39,M2,100,100,0,적정,0
R-5020DF39,M3,95.9,75,-20.9,적정,0
R-5020DF39,M4,100,75,-25,적정,0
R-5020DF39,M5,100,100,0,적정,0
R-5020DF39,M6,87.5,100,12.5,적정,0
R-5020DF39,M7,58.3,100,41.7,과대평가,1
R-5020DF39,M8,100,100,0,적정,0
R-4D88B296,M1,66.7,50,-16.7,적정,0
R-4D88B296,M2,33.3,50,16.7,적정,1
R-4D88B296,M3,70.9,75,4.1,적정,0
R-4D88B296,M4,100,75,-25,적정,0
R-4D88B296,M5,66.7,50,-16.7,적정,0
R-4D88B296,M6,83.4,75,-8.4,적정,0
R-4D88B296,M7,54.2,75,20.8,적정,1
R-4D88B296,M8,33.3,50,16.7,적정,1
R-4428C973,M1,33.3,25,-8.3,적정,1
R-4428C973,M2,33.3,25,-8.3,적정,1
R-4428C973,M3,29.2,25,-4.2,적정,1
R-4428C973,M4,0,25,25,적정,1
R-4428C973,M5,33.3,25,-8.3,적정,1
R-4428C973,M6,41.7,25,-16.7,적정,1
R-4428C973,M7,58.4,50,-8.4,적정,1
R-4428C973,M8,33.3,25,-8.3,적정,1
R-3E6DF120,M1,33.3,75,41.7,과대평가,1
R-3E6DF120,M2,100,75,-25,적정,0
R-3E6DF120,M3,54.2,75,20.8,적정,1
R-3E6DF120,M4,33.3,50,16.7,적정,1
R-3E6DF120,M5,66.7,75,8.3,적정,0
R-3E6DF120,M6,62.5,50,-12.5,적정,0
R-3E6DF120,M7,87.5,100,12.5,적정,0
R-3E6DF120,M8,33.3,75,41.7,과대평가,1
R-4D31D224,M1,33.3,50,16.7,적정,1
R-4D31D224,M2,66.7,50,-16.7,적정,0
R-4D31D224,M3,37.5,50,12.5,적정,1
R-4D31D224,M4,66.7,50,-16.7,적정,0
R-4D31D224,M5,66.7,50,-16.7,적정,0
R-4D31D224,M6,62.5,50,-12.5,적정,0
R-4D31D224,M7,29.2,50,20.8,적정,1
R-4D31D224,M8,66.7,50,-16.7,적정,0
R-9B8D97B2,M1,66.7,75,8.3,적정,0
R-9B8D97B2,M2,33.3,75,41.7,과대평가,1
R-9B8D97B2,M3,58.4,50,-8.4,적정,1
R-9B8D97B2,M4,33.3,50,16.7,적정,1
R-9B8D97B2,M5,100,75,-25,적정,0
R-9B8D97B2,M6,45.8,75,29.2,적정,1
R-9B8D97B2,M7,66.7,75,8.3,적정,0
R-9B8D97B2,M8,33.3,75,41.7,과대평가,1
R-8E683655,M1,0,50,50,과대평가,1
R-8E683655,M2,66.7,50,-16.7,적정,0
R-8E683655,M3,45.8,50,4.2,적정,1
R-8E683655,M4,100,75,-25,적정,0
R-8E683655,M5,33.3,25,-8.3,적정,1
R-8E683655,M6,50,75,25,적정,1
R-8E683655,M7,50,75,25,적정,1
R-8E683655,M8,66.7,50,-16.7,적정,0
R-0E4A26C0,M1,66.7,75,8.3,적정,0
R-0E4A26C0,M2,66.7,75,8.3,적정,0
R-0E4A26C0,M3,50,50,0,적정,1
R-0E4A26C0,M4,100,75,-25,적정,0
R-0E4A26C0,M5,66.7,75,8.3,적정,0
R-0E4A26C0,M6,50,75,25,적정,1
R-0E4A26C0,M7,50,75,25,적정,1
R-0E4A26C0,M8,66.7,75,8.3,적정,0
R-542415F8,M1,100,100,0,적정,0
R-542415F8,M2,100,100,0,적정,0
R-542415F8,M3,25,75,50,과대평가,1
R-542415F8,M4,66.7,75,8.3,적정,0
R-542415F8,M5,66.7,100,33.3,과대평가,0
R-542415F8,M6,95.9,100,4.1,적정,0
R-542415F8,M7,95.9,75,-20.9,적정,0
R-542415F8,M8,100,100,0,적정,0
R-36A71B2A,M1,66.7,50,-16.7,적정,0
R-36A71B2A,M2,100,75,-25,적정,0
R-36A71B2A,M3,50,50,0,적정,1
R-36A71B2A,M4,66.7,50,-16.7,적정,0
R-36A71B2A,M5,66.7,50,-16.7,적정,0
R-36A71B2A,M6,54.2,75,20.8,적정,1
R-36A71B2A,M7,41.7,50,8.3,적정,1
R-36A71B2A,M8,66.7,50,-16.7,적정,0
R-AE1F2EAE,M1,100,75,-25,적정,0
R-AE1F2EAE,M2,33.3,75,41.7,과대평가,1
R-AE1F2EAE,M3,70.9,75,4.1,적정,0
R-AE1F2EAE,M4,66.7,75,8.3,적정,0
R-AE1F2EAE,M5,33.3,75,41.7,과대평가,1
R-AE1F2EAE,M6,66.7,100,33.3,과대평가,0
R-AE1F2EAE,M7,91.7,75,-16.7,적정,0
R-AE1F2EAE,M8,33.3,75,41.7,과대평가,1
R-371226BF,M1,66.7,50,-16.7,적정,0
R-371226BF,M2,33.3,50,16.7,적정,1
R-371226BF,M3,58.4,50,-8.4,적정,1
R-371226BF,M4,33.3,75,41.7,과대평가,1
R-371226BF,M5,66.7,75,8.3,적정,0
R-371226BF,M6,95.9,75,-20.9,적정,0
R-371226BF,M7,50,50,0,적정,1
R-371226BF,M8,66.7,75,8.3,적정,0
R-0151E203,M1,66.7,50,-16.7,적정,0
R-0151E203,M2,66.7,25,-41.7,과소평가,0
R-0151E203,M3,62.5,75,12.5,적정,0
R-0151E203,M4,66.7,100,33.3,과대평가,0
R-0151E203,M5,100,75,-25,적정,0
R-0151E203,M6,62.5,50,-12.5,적정,0
R-0151E203,M7,91.7,75,-16.7,적정,0
R-0151E203,M8,33.3,50,16.7,적정,1
R-0972911C,M1,66.7,50,-16.7,적정,0
R-0972911C,M2,100,50,-50,과소평가,0
R-0972911C,M3,66.7,50,-16.7,적정,0
R-0972911C,M4,66.7,50,-16.7,적정,0
R-0972911C,M5,66.7,75,8.3,적정,0
R-0972911C,M6,70.9,50,-20.9,적정,0
R-0972911C,M7,91.7,75,-16.7,적정,0
R-0972911C,M8,100,75,-25,적정,0
R-CE86FC8B,M1,100,75,-25,적정,0
R-CE86FC8B,M2,100,75,-25,적정,0
R-CE86FC8B,M3,79.2,75,-4.2,적정,0
R-CE86FC8B,M4,100,75,-25,적정,0
R-CE86FC8B,M5,33.3,75,41.7,과대평가,1
R-CE86FC8B,M6,87.5,75,-12.5,적정,0
R-CE86FC8B,M7,70.9,75,4.1,적정,0
R-CE86FC8B,M8,66.7,75,8.3,적정,0
R-05FC38E2,M1,33.3,50,16.7,적정,1
R-05FC38E2,M2,0,50,50,과대평가,1
R-05FC38E2,M3,45.8,50,4.2,적정,1
R-05FC38E2,M4,33.3,50,16.7,적정,1
R-05FC38E2,M5,100,75,-25,적정,0
R-05FC38E2,M6,25,50,25,적정,1
R-05FC38E2,M7,16.7,50,33.3,과대평가,1
R-05FC38E2,M8,100,50,-50,과소평가,0
R-582C6335,M1,66.7,100,33.3,과대평가,0
R-582C6335,M2,66.7,75,8.3,적정,0
R-582C6335,M3,87.5,100,12.5,적정,0
R-582C6335,M4,66.7,75,8.3,적정,0
R-582C6335,M5,66.7,75,8.3,적정,0
R-582C6335,M6,70.9,100,29.1,적정,0
R-582C6335,M7,58.4,75,16.6,적정,1
R-582C6335,M8,66.7,100,33.3,과대평가,0
R-DD888095,M1,100,50,-50,과소평가,0
R-DD888095,M2,66.7,50,-16.7,적정,0
R-DD888095,M3,54.2,50,-4.2,적정,1
R-DD888095,M4,66.7,50,-16.7,적정,0
R-DD888095,M5,100,75,-25,적정,0
R-DD888095,M6,58.4,50,-8.4,적정,1
R-DD888095,M7,50,25,-25,적정,1
R-DD888095,M8,66.7,50,-16.7,적정,0
R-9E357822,M1,100,75,-25,적정,0
R-9E357822,M2,33.3,50,16.7,적정,1
R-9E357822,M3,66.7,50,-16.7,적정,0
R-9E357822,M4,100,100,0,적정,0
R-9E357822,M5,100,75,-25,적정,0
R-9E357822,M6,70.9,75,4.1,적정,0
R-9E357822,M7,25,50,25,적정,1
R-9E357822,M8,100,75,-25,적정,0
R-EC047259,M1,66.7,75,8.3,적정,0
R-EC047259,M2,0,75,75,과대평가,1
R-EC047259,M3,41.7,75,33.3,과대평가,1
R-EC047259,M4,66.7,75,8.3,적정,0
R-EC047259,M5,100,75,-25,적정,0
R-EC047259,M6,62.5,75,12.5,적정,0
R-EC047259,M7,66.7,75,8.3,적정,0
R-EC047259,M8,100,75,-25,적정,0
R-736B0921,M1,0,75,75,과대평가,1
R-736B0921,M2,66.7,75,8.3,적정,0
R-736B0921,M3,87.5,100,12.5,적정,0
R-736B0921,M4,100,100,0,적정,0
R-736B0921,M5,100,100,0,적정,0
R-736B0921,M6,87.5,100,12.5,적정,0
R-736B0921,M7,45.8,75,29.2,적정,1
R-736B0921,M8,66.7,100,33.3,과대평가,0
R-7FEE5D30,M1,100,75,-25,적정,0
R-7FEE5D30,M2,66.7,50,-16.7,적정,0
R-7FEE5D30,M3,41.7,75,33.3,과대평가,1
R-7FEE5D30,M4,66.7,50,-16.7,적정,0
R-7FEE5D30,M5,66.7,50,-16.7,적정,0
R-7FEE5D30,M6,62.5,75,12.5,적정,0
R-7FEE5D30,M7,62.5,50,-12.5,적정,0
R-7FEE5D30,M8,66.7,50,-16.7,적정,0
R-A0E632E6,M1,100,75,-25,적정,0
R-A0E632E6,M2,33.3,50,16.7,적정,1
R-A0E632E6,M3,58.4,50,-8.4,적정,1
R-A0E632E6,M4,100,100,0,적정,0
R-A0E632E6,M5,100,100,0,적정,0
R-A0E632E6,M6,66.7,75,8.3,적정,0
R-A0E632E6,M7,83.4,50,-33.4,과소평가,0
R-A0E632E6,M8,66.7,75,8.3,적정,0
R-7D28273B,M1,33.3,75,41.7,과대평가,1
R-7D28273B,M2,66.7,75,8.3,적정,0
R-7D28273B,M3,75,100,25,적정,0
R-7D28273B,M4,66.7,75,8.3,적정,0
R-7D28273B,M5,66.7,100,33.3,과대평가,0
R-7D28273B,M6,83.4,75,-8.4,적정,0
R-7D28273B,M7,16.7,75,58.3,과대평가,1
R-7D28273B,M8,100,100,0,적정,0
R-2AEC9EEB,M1,100,75,-25,적정,0
R-2AEC9EEB,M2,66.7,75,8.3,적정,0
R-2AEC9EEB,M3,62.5,75,12.5,적정,0
R-2AEC9EEB,M4,66.7,75,8.3,적정,0
R-2AEC9EEB,M5,33.3,75,41.7,과대평가,1
R-2AEC9EEB,M6,87.5,100,12.5,적정,0
R-2AEC9EEB,M7,91.7,75,-16.7,적정,0
R-2AEC9EEB,M8,33.3,75,41.7,과대평가,1
R-21C718A1,M1,100,100,0,적정,0
R-21C718A1,M2,66.7,100,33.3,과대평가,0
R-21C718A1,M3,87.5,100,12.5,적정,0
R-21C718A1,M4,66.7,100,33.3,과대평가,0
R-21C718A1,M5,66.7,100,33.3,과대평가,0
R-21C718A1,M6,91.7,100,8.3,적정,0
R-21C718A1,M7,50,100,50,과대평가,1
R-21C718A1,M8,66.7,100,33.3,과대평가,0
R-C1858A3D,M1,66.7,50,-16.7,적정,0
R-C1858A3D,M2,100,25,-75,과소평가,0
R-C1858A3D,M3,45.9,75,29.1,적정,1
R-C1858A3D,M4,66.7,50,-16.7,적정,0
R-C1858A3D,M5,33.3,50,16.7,적정,1
R-C1858A3D,M6,37.5,50,12.5,적정,1
R-C1858A3D,M7,12.5,25,12.5,적정,1
R-C1858A3D,M8,100,50,-50,과소평가,0
R-DB3E0D16,M1,33.3,75,41.7,과대평가,1
R-DB3E0D16,M2,100,50,-50,과소평가,0
R-DB3E0D16,M3,79.2,75,-4.2,적정,0
R-DB3E0D16,M4,66.7,75,8.3,적정,0
R-DB3E0D16,M5,66.7,75,8.3,적정,0
R-DB3E0D16,M6,37.5,25,-12.5,적정,1
R-DB3E0D16,M7,54.2,50,-4.2,적정,1
R-DB3E0D16,M8,0,50,50,과대평가,1
R-4762C0A5,M1,66.7,100,33.3,과대평가,0
R-4762C0A5,M2,66.7,75,8.3,적정,0
R-4762C0A5,M3,50,75,25,적정,1
R-4762C0A5,M4,100,75,-25,적정,0
R-4762C0A5,M5,66.7,100,33.3,과대평가,0
R-4762C0A5,M6,70.9,75,4.1,적정,0
R-4762C0A5,M7,54.2,75,20.8,적정,1
R-4762C0A5,M8,100,75,-25,적정,0
R-3267C63D,M1,33.3,50,16.7,적정,1
R-3267C63D,M2,66.7,50,-16.7,적정,0
R-3267C63D,M3,79.2,50,-29.2,적정,0
R-3267C63D,M4,66.7,75,8.3,적정,0
R-3267C63D,M5,66.7,50,-16.7,적정,0
R-3267C63D,M6,50,50,0,적정,1
R-3267C63D,M7,45.9,25,-20.9,적정,1
R-3267C63D,M8,66.7,50,-16.7,적정,0
R-7ED26B38,M1,100,100,0,적정,0
R-7ED26B38,M2,66.7,100,33.3,과대평가,0
R-7ED26B38,M3,83.4,100,16.6,적정,0
R-7ED26B38,M4,100,100,0,적정,0
R-7ED26B38,M5,100,75,-25,적정,0
R-7ED26B38,M6,66.7,100,33.3,과대평가,0
R-7ED26B38,M7,83.4,75,-8.4,적정,0
R-7ED26B38,M8,100,100,0,적정,0
R-D92A00DC,M1,66.7,75,8.3,적정,0
R-D92A00DC,M2,100,75,-25,적정,0
R-D92A00DC,M3,66.7,100,33.3,과대평가,0
R-D92A00DC,M4,66.7,75,8.3,적정,0
R-D92A00DC,M5,100,100,0,적정,0
R-D92A00DC,M6,83.4,50,-33.4,과소평가,0
R-D92A00DC,M7,50,50,0,적정,1
R-D92A00DC,M8,33.3,75,41.7,과대평가,1
R-903194B3,M1,100,100,0,적정,0
R-903194B3,M2,66.7,75,8.3,적정,0
R-903194B3,M3,87.5,75,-12.5,적정,0
R-903194B3,M4,100,100,0,적정,0
R-903194B3,M5,100,75,-25,적정,0
R-903194B3,M6,62.5,75,12.5,적정,0
R-903194B3,M7,37.5,50,12.5,적정,1
R-903194B3,M8,100,75,-25,적정,0
R-DE2BA851,M1,0,75,75,과대평가,1
R-DE2BA851,M2,33.3,75,41.7,과대평가,1
R-DE2BA851,M3,79.2,100,20.8,적정,0
R-DE2BA851,M4,100,100,0,적정,0
R-DE2BA851,M5,33.3,100,66.7,과대평가,1
R-DE2BA851,M6,41.7,75,33.3,과대평가,1
R-DE2BA851,M7,54.2,50,-4.2,적정,1
R-DE2BA851,M8,100,75,-25,적정,0
R-517F05CD,M1,66.7,75,8.3,적정,0
R-517F05CD,M2,33.3,75,41.7,과대평가,1
R-517F05CD,M3,91.7,75,-16.7,적정,0
R-517F05CD,M4,100,100,0,적정,0
R-517F05CD,M5,100,75,-25,적정,0
R-517F05CD,M6,33.3,50,16.7,적정,1
R-517F05CD,M7,62.5,50,-12.5,적정,0
R-517F05CD,M8,66.7,50,-16.7,적정,0
R-3CAC9F14,M1,100,100,0,적정,0
R-3CAC9F14,M2,66.7,100,33.3,과대평가,0
R-3CAC9F14,M3,62.5,75,12.5,적정,0
R-3CAC9F14,M4,66.7,100,33.3,과대평가,0
R-3CAC9F14,M5,66.7,100,33.3,과대평가,0
R-3CAC9F14,M6,70.9,100,29.1,적정,0
R-3CAC9F14,M7,58.4,75,16.6,적정,1
R-3CAC9F14,M8,100,100,0,적정,0
R-E74C6172,M1,66.7,75,8.3,적정,0
R-E74C6172,M2,33.3,75,41.7,과대평가,1
R-E74C6172,M3,66.7,75,8.3,적정,0
R-E74C6172,M4,66.7,50,-16.7,적정,0
R-E74C6172,M5,100,100,0,적정,0
R-E74C6172,M6,62.5,75,12.5,적정,0
R-E74C6172,M7,58.4,75,16.6,적정,1
R-E74C6172,M8,100,75,-25,적정,0
R-7A3A9790,M1,66.7,75,8.3,적정,0
R-7A3A9790,M2,66.7,50,-16.7,적정,0
R-7A3A9790,M3,54.2,25,-29.2,적정,1
R-7A3A9790,M4,66.7,75,8.3,적정,0
R-7A3A9790,M5,33.3,50,16.7,적정,1
R-7A3A9790,M6,62.5,50,-12.5,적정,0
R-7A3A9790,M7,54.2,50,-4.2,적정,1
R-7A3A9790,M8,100,50,-50,과소평가,0
R-979FF6E6,M1,100,50,-50,과소평가,0
R-979FF6E6,M2,66.7,50,-16.7,적정,0
R-979FF6E6,M3,37.5,50,12.5,적정,1
R-979FF6E6,M4,66.7,50,-16.7,적정,0
R-979FF6E6,M5,100,50,-50,과소평가,0
R-979FF6E6,M6,37.5,50,12.5,적정,1
R-979FF6E6,M7,16.7,25,8.3,적정,1
R-979FF6E6,M8,33.3,50,16.7,적정,1
R-C8659838,M1,66.7,100,33.3,과대평가,0
R-C8659838,M2,100,100,0,적정,0
R-C8659838,M3,83.4,100,16.6,적정,0
R-C8659838,M4,66.7,100,33.3,과대평가,0
R-C8659838,M5,66.7,100,33.3,과대평가,0
R-C8659838,M6,75,100,25,적정,0
R-C8659838,M7,87.5,75,-12.5,적정,0
R-C8659838,M8,100,100,0,적정,0
R-7D333C6E,M1,66.7,100,33.3,과대평가,0
R-7D333C6E,M2,33.3,75,41.7,과대평가,1
R-7D333C6E,M3,58.4,100,41.6,과대평가,1
R-7D333C6E,M4,100,100,0,적정,0
R-7D333C6E,M5,0,100,100,과대평가,1
R-7D333C6E,M6,54.2,75,20.8,적정,1
R-7D333C6E,M7,8.4,50,41.6,과대평가,1
R-7D333C6E,M8,66.7,100,33.3,과대평가,0
R-B175C151,M1,66.7,75,8.3,적정,0
R-B175C151,M2,66.7,75,8.3,적정,0
R-B175C151,M3,66.7,75,8.3,적정,0
R-B175C151,M4,33.3,75,41.7,과대평가,1
R-B175C151,M5,66.7,75,8.3,적정,0
R-B175C151,M6,45.8,75,29.2,적정,1
R-B175C151,M7,45.9,75,29.1,적정,1
R-B175C151,M8,33.3,75,41.7,과대평가,1
R-968E8759,M1,100,75,-25,적정,0
R-968E8759,M2,33.3,75,41.7,과대평가,1
R-968E8759,M3,83.4,75,-8.4,적정,0
R-968E8759,M4,66.7,100,33.3,과대평가,0
R-968E8759,M5,66.7,75,8.3,적정,0
R-968E8759,M6,66.7,75,8.3,적정,0
R-968E8759,M7,29.2,75,45.8,과대평가,1
R-968E8759,M8,66.7,75,8.3,적정,0
R-45DA83DA,M1,66.7,75,8.3,적정,0
R-45DA83DA,M2,100,100,0,적정,0
R-45DA83DA,M3,45.8,50,4.2,적정,1
R-45DA83DA,M4,0,50,50,과대평가,1
R-45DA83DA,M5,33.3,75,41.7,과대평가,1
R-45DA83DA,M6,70.9,75,4.1,적정,0
R-45DA83DA,M7,79.2,75,-4.2,적정,0
R-45DA83DA,M8,100,50,-50,과소평가,0
R-6FFF095E,M1,33.3,50,16.7,적정,1
R-6FFF095E,M2,100,50,-50,과소평가,0
R-6FFF095E,M3,79.2,50,-29.2,적정,0
R-6FFF095E,M4,0,75,75,과대평가,1
R-6FFF095E,M5,66.7,25,-41.7,과소평가,0
R-6FFF095E,M6,45.8,50,4.2,적정,1
R-6FFF095E,M7,54.2,50,-4.2,적정,1
R-6FFF095E,M8,66.7,50,-16.7,적정,0
R-9C9D6D22,M1,33.3,100,66.7,과대평가,1
R-9C9D6D22,M2,66.7,75,8.3,적정,0
R-9C9D6D22,M3,75,100,25,적정,0
R-9C9D6D22,M4,100,100,0,적정,0
R-9C9D6D22,M5,100,100,0,적정,0
R-9C9D6D22,M6,79.2,75,-4.2,적정,0
R-9C9D6D22,M7,62.5,75,12.5,적정,0
R-9C9D6D22,M8,100,100,0,적정,0
R-A3733B6F,M1,100,100,0,적정,0
R-A3733B6F,M2,66.7,100,33.3,과대평가,0
R-A3733B6F,M3,83.4,100,16.6,적정,0
R-A3733B6F,M4,100,100,0,적정,0
R-A3733B6F,M5,100,100,0,적정,0
R-A3733B6F,M6,83.4,100,16.6,적정,0
R-A3733B6F,M7,95.9,100,4.1,적정,0
R-A3733B6F,M8,100,100,0,적정,0
R-CD62F559,M1,33.3,75,41.7,과대평가,1
R-CD62F559,M2,66.7,50,-16.7,적정,0
R-CD62F559,M3,58.4,50,-8.4,적정,1
R-CD62F559,M4,33.3,50,16.7,적정,1
R-CD62F559,M5,100,50,-50,과소평가,0
R-CD62F559,M6,45.9,50,4.1,적정,1
R-CD62F559,M7,12.5,25,12.5,적정,1
R-CD62F559,M8,66.7,50,-16.7,적정,0
R-7AFA43BC,M1,66.7,75,8.3,적정,0
R-7AFA43BC,M2,66.7,75,8.3,적정,0
R-7AFA43BC,M3,45.8,75,29.2,적정,1
R-7AFA43BC,M4,100,75,-25,적정,0
R-7AFA43BC,M5,66.7,75,8.3,적정,0
R-7AFA43BC,M6,79.2,100,20.8,적정,0
R-7AFA43BC,M7,41.7,75,33.3,과대평가,1
R-7AFA43BC,M8,66.7,100,33.3,과대평가,0
R-4474E39C,M1,66.7,50,-16.7,적정,0
R-4474E39C,M2,66.7,50,-16.7,적정,0
R-4474E39C,M3,79.2,50,-29.2,적정,0
R-4474E39C,M4,66.7,50,-16.7,적정,0
R-4474E39C,M5,100,50,-50,과소평가,0
R-4474E39C,M6,83.4,50,-33.4,과소평가,0
R-4474E39C,M7,70.9,50,-20.9,적정,0
R-4474E39C,M8,66.7,50,-16.7,적정,0
R-7605B648,M1,66.7,50,-16.7,적정,0
R-7605B648,M2,0,25,25,적정,1
R-7605B648,M3,4.2,50,45.8,과대평가,1
R-7605B648,M4,33.3,25,-8.3,적정,1
R-7605B648,M5,33.3,50,16.7,적정,1
R-7605B648,M6,41.7,50,8.3,적정,1
R-7605B648,M7,54.2,50,-4.2,적정,1
R-7605B648,M8,33.3,50,16.7,적정,1
R-1CAB6BC1,M1,100,75,-25,적정,0
R-1CAB6BC1,M2,100,25,-75,과소평가,0
R-1CAB6BC1,M3,70.9,50,-20.9,적정,0
R-1CAB6BC1,M4,66.7,50,-16.7,적정,0
R-1CAB6BC1,M5,100,50,-50,과소평가,0
R-1CAB6BC1,M6,54.2,25,-29.2,적정,1
R-1CAB6BC1,M7,75,75,0,적정,0
R-1CAB6BC1,M8,100,50,-50,과소평가,0
R-84150B91,M1,33.3,50,16.7,적정,1
R-84150B91,M2,0,50,50,과대평가,1
R-84150B91,M3,70.9,75,4.1,적정,0
R-84150B91,M4,33.3,75,41.7,과대평가,1
R-84150B91,M5,66.7,50,-16.7,적정,0
R-84150B91,M6,37.5,25,-12.5,적정,1
R-84150B91,M7,45.8,25,-20.8,적정,1
R-84150B91,M8,33.3,50,16.7,적정,1
R-9EF52EB4,M1,66.7,75,8.3,적정,0
R-9EF52EB4,M2,33.3,75,41.7,과대평가,1
R-9EF52EB4,M3,75,100,25,적정,0
R-9EF52EB4,M4,100,75,-25,적정,0
R-9EF52EB4,M5,66.7,75,8.3,적정,0
R-9EF52EB4,M6,83.4,75,-8.4,적정,0
R-9EF52EB4,M7,66.7,100,33.3,과대평가,0
R-9EF52EB4,M8,33.3,100,66.7,과대평가,1
R-4A60FB53,M1,33.3,75,41.7,과대평가,1
R-4A60FB53,M2,33.3,75,41.7,과대평가,1
R-4A60FB53,M3,62.5,75,12.5,적정,0
R-4A60FB53,M4,66.7,100,33.3,과대평가,0
R-4A60FB53,M5,100,75,-25,적정,0
R-4A60FB53,M6,75,75,0,적정,0
R-4A60FB53,M7,70.9,75,4.1,적정,0
R-4A60FB53,M8,100,100,0,적정,0
R-61189CAD,M1,100,75,-25,적정,0
R-61189CAD,M2,66.7,50,-16.7,적정,0
R-61189CAD,M3,75,75,0,적정,0
R-61189CAD,M4,100,100,0,적정,0
R-61189CAD,M5,66.7,75,8.3,적정,0
R-61189CAD,M6,66.7,75,8.3,적정,0
R-61189CAD,M7,83.4,75,-8.4,적정,0
R-61189CAD,M8,33.3,50,16.7,적정,1
R-F26332A7,M1,33.3,75,41.7,과대평가,1
R-F26332A7,M2,33.3,50,16.7,적정,1
R-F26332A7,M3,70.9,50,-20.9,적정,0
R-F26332A7,M4,33.3,75,41.7,과대평가,1
R-F26332A7,M5,33.3,75,41.7,과대평가,1
R-F26332A7,M6,50,50,0,적정,1
R-F26332A7,M7,37.5,50,12.5,적정,1
R-F26332A7,M8,66.7,50,-16.7,적정,0
R-5EA2C1B0,M1,66.7,75,8.3,적정,0
R-5EA2C1B0,M2,33.3,50,16.7,적정,1
R-5EA2C1B0,M3,66.7,75,8.3,적정,0
R-5EA2C1B0,M4,66.7,50,-16.7,적정,0
R-5EA2C1B0,M5,100,50,-50,과소평가,0
R-5EA2C1B0,M6,37.5,50,12.5,적정,1
R-5EA2C1B0,M7,91.7,75,-16.7,적정,0
R-5EA2C1B0,M8,100,50,-50,과소평가,0
R-9FD473ED,M1,66.7,100,33.3,과대평가,0
R-9FD473ED,M2,66.7,75,8.3,적정,0
R-9FD473ED,M3,70.9,75,4.1,적정,0
R-9FD473ED,M4,100,75,-25,적정,0
R-9FD473ED,M5,100,100,0,적정,0
R-9FD473ED,M6,87.5,75,-12.5,적정,0
R-9FD473ED,M7,75,75,0,적정,0
R-9FD473ED,M8,66.7,75,8.3,적정,0
R-1E5C817B,M1,66.7,50,-16.7,적정,0
R-1E5C817B,M2,33.3,25,-8.3,적정,1
R-1E5C817B,M3,37.5,25,-12.5,적정,1
R-1E5C817B,M4,33.3,50,16.7,적정,1
R-1E5C817B,M5,66.7,50,-16.7,적정,0
R-1E5C817B,M6,66.7,50,-16.7,적정,0
R-1E5C817B,M7,70.9,50,-20.9,적정,0
R-1E5C817B,M8,33.3,25,-8.3,적정,1
R-B0B65387,M1,100,50,-50,과소평가,0
R-B0B65387,M2,66.7,50,-16.7,적정,0
R-B0B65387,M3,83.4,50,-33.4,과소평가,0
R-B0B65387,M4,100,75,-25,적정,0
R-B0B65387,M5,66.7,50,-16.7,적정,0
R-B0B65387,M6,95.9,75,-20.9,적정,0
R-B0B65387,M7,87.5,50,-37.5,과소평가,0
R-B0B65387,M8,33.3,75,41.7,과대평가,1
