응시자ID,시험,문항세트,부서,기수,응시일,응시시간_분,응답신뢰도,총점,등급,AI활용유형,지식점수,실무점수,AI 이해,AI 활용,AI 책임,약점1,약점2
R-3840E572,2025 하반기 신입사원 AI 역량 시험 (가상),NEWHIRE-AI-v2,영업팀,2025 하반기,2025-09-14,36.4,신뢰 가능,50.9,C+,AI 입문자,45.8,41.7,66.7,57.2,28.9,책임 있는 사용,윤리·보안
R-ADF39127,2026 상반기 신입사원 AI 역량 시험 (가상),NEWHIRE-AI-v2,영업팀,2026 상반기,2026-03-17,36.9,신뢰 가능,67.3,B,균형 성장형,70.8,58.3,66.7,81.1,54.2,반복 개선,윤리·보안
R-9FF50990,2025 상반기 신입사원 AI 역량 시험 (가상),NEWHIRE-AI-v2,영업팀,2025 상반기,2025-03-14,33.7,신뢰 가능,78.6,B+,지식 탄탄형,75,66.7,100,76.1,59.7,윤리·보안,결과 검증
R-B06AC69A,2025 상반기 신입사원 AI 역량 시험 (가상),NEWHIRE-AI-v2,영업팀,2025 상반기,2025-03-14,23.2,신뢰 가능,56.9,C+,기초 학습자,62.5,44.5,66.7,52.2,51.7,결과 검증,프롬프트 설계
R-B264F569,2025 하반기 신입사원 AI 역량 시험 (가상),NEWHIRE-AI-v2,영업팀,2025 하반기,2025-09-15,33.6,신뢰 가능,57.7,C+,균형 성장형,66.7,58.3,33.3,85.5,54.2,AI 원리,윤리·보안
R-A7CFC0A4,2025 하반기 신입사원 AI 역량 시험 (가상),NEWHIRE-AI-v2,영업팀,2025 하반기,2025-09-12,31.8,신뢰 가능,28.4,D,AI 입문자,33.3,27.8,16.7,42.8,25.8,도구 지식,결과 검증
R-17F487F9,2025 하반기 신입사원 AI 역량 시험 (가상),NEWHIRE-AI-v2,영업팀,2025 하반기,2025-09-13,33.4,신뢰 가능,62.2,B,기초 학습자,50,47.2,100,43.9,42.8,업무 적용,반복 개선
R-21383D9F,2025 하반기 신입사원 AI 역량 시험 (가상),NEWHIRE-AI-v2,영업팀,2025 하반기,2025-09-14,37.4,신뢰 가능,56.4,C+,기초 학습자,54.2,47.2,66.7,62.2,40.3,윤리·보안,결과 검증
R-C5283E89,2025 하반기 신입사원 AI 역량 시험 (가상),NEWHIRE-AI-v2,영업팀,2025 하반기,2025-09-14,30.7,신뢰 가능,36.6,D+,AI 입문자,33.3,27.8,50,42.8,17,결과 검증,윤리·보안
R-2A0A4D5D,2025 하반기 신입사원 AI 역량 시험 (가상),NEWHIRE-AI-v2,영업팀,2025 하반기,2025-09-14,24.2,신뢰 가능,85.6,A,AI 에이스,87.5,75,100,80.6,76.1,결과 검증,업무 적용
R-3860C5D0,2025 상반기 신입사원 AI 역량 시험 (가상),NEWHIRE-AI-v2,영업팀,2025 상반기,2025-03-16,28.2,신뢰 가능,62.3,B,기초 학습자,70.8,44.4,66.7,71.7,48.6,윤리·보안,반복 개선
R-3A311216,2026 상반기 신입사원 AI 역량 시험 (가상),NEWHIRE-AI-v2,영업팀,2026 상반기,2026-03-16,29.5,신뢰 가능,60,B,기초 학습자,66.7,47.2,66.7,57.2,56.1,업무 적용,반복 개선
R-58CB6AF9,2025 상반기 신입사원 AI 역량 시험 (가상),NEWHIRE-AI-v2,영업팀,2025 상반기,2025-03-17,34.8,신뢰 가능,64.4,B,균형 성장형,58.3,58.3,83.3,48.3,61.6,책임 있는 사용,업무 적용
R-1226123C,2026 상반기 신입사원 AI 역량 시험 (가상),NEWHIRE-AI-v2,영업팀,2026 상반기,2026-03-14,35,신뢰 가능,79.9,B+,지식 탄탄형,83.3,58.3,100,81.1,58.6,윤리·보안,결과 검증
R-AFE12C85,2026 상반기 신입사원 AI 역량 시험 (가상),NEWHIRE-AI-v2,영업팀,2026 상반기,2026-03-15,24.8,신뢰 가능,59.9,C+,기초 학습자,66.7,36.1,83.3,56.7,39.7,업무 적용,결과 검증
R-BA9732A9,2026 상반기 신입사원 AI 역량 시험 (가상),NEWHIRE-AI-v2,영업팀,2026 상반기,2026-03-14,27,신뢰 가능,68.8,B,지식 탄탄형,75,58.3,66.7,81.1,58.6,결과 검증,도구 지식
R-00D2D44D,2025 상반기 신입사원 AI 역량 시험 (가상),NEWHIRE-AI-v2,영업팀,2025 상반기,2025-03-15,26.3,신뢰 가능,34.5,D+,AI 입문자,29.2,44.4,16.7,53.4,33.3,책임 있는 사용,AI 원리
R-F1FC5F67,2025 상반기 신입사원 AI 역량 시험 (가상),NEWHIRE-AI-v2,영업팀,2025 상반기,2025-03-17,24.4,신뢰 가능,50,C+,균형 성장형,50,50,50,52.2,47.8,결과 검증,반복 개선
R-E11B273B,2025 상반기 신입사원 AI 역량 시험 (가상),NEWHIRE-AI-v2,영업팀,2025 상반기,2025-03-16,26.6,신뢰 가능,69.6,B,기초 학습자,70.8,47.2,100,61.6,47.2,업무 적용,윤리·보안
R-C303DB2D,2026 상반기 신입사원 AI 역량 시험 (가상),NEWHIRE-AI-v2,영업팀,2026 상반기,2026-03-13,27.9,신뢰 가능,79.3,B+,AI 에이스,83.3,80.6,66.7,90.6,80.6,AI 원리,결과 검증
R-5A7513D3,2025 상반기 신입사원 AI 역량 시험 (가상),NEWHIRE-AI-v2,영업팀,2025 상반기,2025-03-17,25.2,신뢰 가능,67.8,B,지식 탄탄형,79.2,55.6,66.7,75.6,61.1,윤리·보안,결과 검증
R-6FFE0F89,2025 상반기 신입사원 AI 역량 시험 (가상),NEWHIRE-AI-v2,영업팀,2025 상반기,2025-03-17,25.8,신뢰 가능,32.8,D+,AI 입문자,25,33.4,50,23.4,25,책임 있는 사용,윤리·보안
R-A4EAB87B,2025 상반기 신입사원 AI 역량 시험 (가상),NEWHIRE-AI-v2,영업팀,2025 상반기,2025-03-15,28.6,신뢰 가능,56.2,C+,기초 학습자,58.3,44.4,66.7,61.6,40.3,결과 검증,책임 있는 사용
R-D33167AD,2026 상반기 신입사원 AI 역량 시험 (가상),NEWHIRE-AI-v2,영업팀,2026 상반기,2026-03-16,29.2,신뢰 가능,37.2,D+,AI 입문자,41.7,41.6,16.7,57.2,37.8,도구 지식,윤리·보안
R-EC3B684B,2026 상반기 신입사원 AI 역량 시험 (가상),NEWHIRE-AI-v2,영업팀,2026 상반기,2026-03-14,32.7,신뢰 가능,58.5,C+,기초 학습자,62.5,44.5,66.7,71.1,37.8,결과 검증,윤리·보안
R-395E0CCD,2025 상반기 신입사원 AI 역량 시험 (가상),NEWHIRE-AI-v2,영업팀,2025 상반기,2025-03-15,28.8,신뢰 가능,71.8,B+,지식 탄탄형,83.3,63.9,66.7,80,68.6,도구 지식,윤리·보안
R-1DDA6DFD,2025 하반기 신입사원 AI 역량 시험 (가상),NEWHIRE-AI-v2,영업팀,2025 하반기,2025-09-15,31.8,신뢰 가능,73.6,B+,지식 탄탄형,79.2,69.4,66.7,85.5,68.6,결과 검증,책임 있는 사용
R-3A973C2C,2025 상반기 신입사원 AI 역량 시험 (가상),NEWHIRE-AI-v2,영업팀,2025 상반기,2025-03-15,27.4,신뢰 가능,49.9,C,균형 성장형,54.2,52.8,33.3,71.1,45.3,결과 검증,도구 지식
R-DA7C4E7B,2025 상반기 신입사원 AI 역량 시험 (가상),NEWHIRE-AI-v2,영업팀,2025 상반기,2025-03-16,37.4,신뢰 가능,44.4,C,AI 입문자,41.7,33.3,66.7,33.3,33.3,프롬프트 설계,결과 검증
R-BF70B060,2025 하반기 신입사원 AI 역량 시험 (가상),NEWHIRE-AI-v2,영업팀,2025 하반기,2025-09-15,29.9,신뢰 가능,60.4,B,균형 성장형,58.3,50,66.7,72.2,42.2,결과 검증,책임 있는 사용
R-40809D95,2025 상반기 신입사원 AI 역량 시험 (가상),NEWHIRE-AI-v2,영업팀,2025 상반기,2025-03-17,28.4,신뢰 가능,64.5,B,균형 성장형,58.3,63.9,66.7,76.6,50.3,업무 적용,AI 원리
R-2A7F081C,2026 상반기 신입사원 AI 역량 시험 (가상),NEWHIRE-AI-v2,영업팀,2026 상반기,2026-03-13,21.7,주의,61,B,균형 성장형,62.5,52.8,66.7,75.6,40.8,책임 있는 사용,결과 검증
R-1ACF30C5,2025 하반기 신입사원 AI 역량 시험 (가상),NEWHIRE-AI-v2,영업팀,2025 하반기,2025-09-16,39.7,신뢰 가능,44.1,C,균형 성장형,58.3,55.6,0,75.6,56.7,도구 지식,AI 원리
R-8EABF5B7,2026 상반기 신입사원 AI 역량 시험 (가상),NEWHIRE-AI-v2,영업팀,2026 상반기,2026-03-14,29.9,주의,77,B+,AI 에이스,79.2,75,66.7,95.6,68.6,결과 검증,윤리·보안
R-55DC8E6F,2026 상반기 신입사원 AI 역량 시험 (가상),NEWHIRE-AI-v2,영업팀,2026 상반기,2026-03-14,24.9,신뢰 가능,48.1,C,기초 학습자,54.2,38.9,50,47.8,46.6,윤리·보안,업무 적용
R-276FDD88,2025 상반기 신입사원 AI 역량 시험 (가상),NEWHIRE-AI-v2,영업팀,2025 상반기,2025-03-16,28.4,신뢰 가능,52.7,C+,균형 성장형,66.7,50,33.3,70.5,54.2,도구 지식,AI 원리
R-5D27DB72,2026 상반기 신입사원 AI 역량 시험 (가상),NEWHIRE-AI-v2,영업팀,2026 상반기,2026-03-13,27.6,주의,87.4,A,AI 에이스,83.3,77.8,100,86.7,75.6,책임 있는 사용,업무 적용
R-4A4A4F81,2025 하반기 신입사원 AI 역량 시험 (가상),NEWHIRE-AI-v2,영업팀,2025 하반기,2025-09-14,30.2,신뢰 가능,64,B,기초 학습자,66.7,41.6,100,37.8,54.1,업무 적용,결과 검증
R-222B6721,2026 상반기 신입사원 AI 역량 시험 (가상),NEWHIRE-AI-v2,영업팀,2026 상반기,2026-03-15,32,신뢰 가능,54.6,C+,기초 학습자,58.3,41.7,66.7,56.7,40.3,책임 있는 사용,결과 검증
R-62173E86,2026 상반기 신입사원 AI 역량 시험 (가상),NEWHIRE-AI-v2,영업팀,2026 상반기,2026-03-17,21.9,신뢰 가능,67.2,B,균형 성장형,70.8,50,83.3,75.6,42.8,결과 검증,윤리·보안
R-DB083DE1,2025 상반기 신입사원 AI 역량 시험 (가상),NEWHIRE-AI-v2,영업팀,2025 상반기,2025-03-17,37.9,신뢰 가능,70,B+,균형 성장형,66.7,72.2,66.7,72.2,71.1,반복 개선,도구 지식
R-9AFD699C,2025 상반기 신입사원 AI 역량 시험 (가상),NEWHIRE-AI-v2,영업팀,2025 상반기,2025-03-17,24.8,신뢰 가능,65.9,B,균형 성장형,62.5,55.6,83.3,66.7,47.8,책임 있는 사용,결과 검증
R-ED87B1C1,2026 상반기 신입사원 AI 역량 시험 (가상),NEWHIRE-AI-v2,영업팀,2026 상반기,2026-03-15,24.7,신뢰 가능,83.8,A,지식 탄탄형,91.7,72.2,83.3,95,73.1,윤리·보안,도구 지식
R-CBAA1E58,2025 하반기 신입사원 AI 역량 시험 (가상),NEWHIRE-AI-v2,영업팀,2025 하반기,2025-09-12,31.8,주의,61.3,B,균형 성장형,54.2,50,83.3,62.2,38.3,결과 검증,윤리·보안
R-E14672DA,2025 하반기 신입사원 AI 역량 시험 (가상),NEWHIRE-AI-v2,영업팀,2025 하반기,2025-09-13,25.5,신뢰 가능,75.4,B+,균형 성장형,70.8,58.3,100,76.6,49.7,업무 적용,결과 검증
R-B6D3B650,2025 상반기 신입사원 AI 역량 시험 (가상),NEWHIRE-AI-v2,영업팀,2025 상반기,2025-03-14,33.2,신뢰 가능,60.8,B,균형 성장형,66.7,50,66.7,66.1,49.7,책임 있는 사용,반복 개선
R-E0B70F99,2025 하반기 신입사원 AI 역량 시험 (가상),NEWHIRE-AI-v2,영업팀,2025 하반기,2025-09-13,30.7,신뢰 가능,65.7,B,균형 성장형,66.7,50,83.3,66.7,47.2,책임 있는 사용,반복 개선
R-F6025FC2,2026 상반기 신입사원 AI 역량 시험 (가상),NEWHIRE-AI-v2,영업팀,2026 상반기,2026-03-13,23.1,신뢰 가능,55.5,C+,균형 성장형,58.3,55.5,50,57.2,59.2,도구 지식,책임 있는 사용
R-CB7CF07C,2026 상반기 신입사원 AI 역량 시험 (가상),NEWHIRE-AI-v2,영업팀,2026 상반기,2026-03-15,24.6,신뢰 가능,62.7,B,균형 성장형,62.5,55.6,66.7,67.2,54.2,업무 적용,도구 지식
R-CA8B0FBA,2025 상반기 신입사원 AI 역량 시험 (가상),NEWHIRE-AI-v2,영업팀,2025 상반기,2025-03-14,25.2,신뢰 가능,53.1,C+,기초 학습자,50,38.9,83.3,46.6,29.4,책임 있는 사용,결과 검증
R-30BBDA0A,2026 상반기 신입사원 AI 역량 시험 (가상),NEWHIRE-AI-v2,영업팀,2026 상반기,2026-03-13,32.4,주의,60.6,B,균형 성장형,54.2,58.3,66.7,62.8,52.2,책임 있는 사용,업무 적용
R-0017282C,2026 상반기 신입사원 AI 역량 시험 (가상),NEWHIRE-AI-v2,영업팀,2026 상반기,2026-03-14,30.2,신뢰 가능,91.7,A+,AI 에이스,100,75,100,95,80,결과 검증,윤리·보안
R-70391A91,2025 하반기 신입사원 AI 역량 시험 (가상),NEWHIRE-AI-v2,영업팀,2025 하반기,2025-09-14,30.5,신뢰 가능,66.7,B,균형 성장형,66.7,63.9,66.7,76.1,57.2,결과 검증,윤리·보안
R-7CABE2CF,2026 상반기 신입사원 AI 역량 시험 (가상),NEWHIRE-AI-v2,영업팀,2026 상반기,2026-03-17,27.4,신뢰 가능,77.6,B+,지식 탄탄형,79.2,61.1,100,75.6,57.2,윤리·보안,결과 검증
R-BEF812EE,2025 상반기 신입사원 AI 역량 시험 (가상),NEWHIRE-AI-v2,영업팀,2025 상반기,2025-03-17,28.8,신뢰 가능,48.5,C,AI 입문자,45.8,47.2,50,57.2,38.3,결과 검증,반복 개선
R-1E63C245,2025 상반기 신입사원 AI 역량 시험 (가상),NEWHIRE-AI-v2,영업팀,2025 상반기,2025-03-17,23.4,신뢰 가능,76.1,B+,지식 탄탄형,75,58.3,100,80.6,47.8,결과 검증,윤리·보안
R-BF793960,2025 상반기 신입사원 AI 역량 시험 (가상),NEWHIRE-AI-v2,영업팀,2025 상반기,2025-03-18,24.7,신뢰 가능,33.1,D+,AI 입문자,37.5,27.8,33.3,42.2,23.9,업무 적용,윤리·보안
R-5DA74AA9,2025 상반기 신입사원 AI 역량 시험 (가상),NEWHIRE-AI-v2,영업팀,2025 상반기,2025-03-16,22.6,주의,74.8,B+,균형 성장형,66.7,63.9,100,85,39.5,결과 검증,책임 있는 사용
R-5818F990,2025 하반기 신입사원 AI 역량 시험 (가상),NEWHIRE-AI-v2,영업팀,2025 하반기,2025-09-15,29.6,신뢰 가능,79.1,B+,지식 탄탄형,83.3,69.4,83.3,85.5,68.6,윤리·보안,결과 검증
R-D2F4B35C,2025 하반기 신입사원 AI 역량 시험 (가상),NEWHIRE-AI-v2,영업팀,2025 하반기,2025-09-14,26,신뢰 가능,62.4,B,균형 성장형,70.8,61.1,50,71.1,66.1,AI 원리,윤리·보안
R-37025760,2025 상반기 신입사원 AI 역량 시험 (가상),NEWHIRE-AI-v2,개발팀,2025 상반기,2025-03-16,20.7,신뢰 가능,56.1,C+,균형 성장형,62.5,52.8,50,70.5,47.8,윤리·보안,도구 지식
R-6E103774,2025 하반기 신입사원 AI 역량 시험 (가상),NEWHIRE-AI-v2,개발팀,2025 하반기,2025-09-14,28.4,신뢰 가능,59.4,C+,균형 성장형,62.5,63.9,50,66.1,62.2,책임 있는 사용,도구 지식
R-F2C8358C,2025 하반기 신입사원 AI 역량 시험 (가상),NEWHIRE-AI-v2,개발팀,2025 하반기,2025-09-16,25.3,신뢰 가능,63.6,B,균형 성장형,58.3,55.5,83.3,52.8,54.7,업무 적용,책임 있는 사용
R-5FE3F8DA,2026 상반기 신입사원 AI 역량 시험 (가상),NEWHIRE-AI-v2,개발팀,2026 상반기,2026-03-17,35.8,신뢰 가능,83.9,A,지식 탄탄형,87.5,66.7,100,81.1,70.6,반복 개선,결과 검증
R-81080A83,2025 하반기 신입사원 AI 역량 시험 (가상),NEWHIRE-AI-v2,개발팀,2025 하반기,2025-09-13,19.2,신뢰 가능,74.9,B+,실전 성장가,66.7,77.8,83.3,71.7,69.7,업무 적용,윤리·보안
R-1322658F,2026 상반기 신입사원 AI 역량 시험 (가상),NEWHIRE-AI-v2,개발팀,2026 상반기,2026-03-16,31.2,주의,71.8,B+,지식 탄탄형,83.3,61.1,66.7,85,63.6,결과 검증,책임 있는 사용
R-2EB59D17,2025 상반기 신입사원 AI 역량 시험 (가상),NEWHIRE-AI-v2,개발팀,2025 상반기,2025-03-15,32.7,신뢰 가능,62.2,B,기초 학습자,70.8,44.4,83.3,51.1,52.2,윤리·보안,프롬프트 설계
R-586BF6C4,2026 상반기 신입사원 AI 역량 시험 (가상),NEWHIRE-AI-v2,개발팀,2026 상반기,2026-03-16,31.4,신뢰 가능,72.4,B+,균형 성장형,66.7,63.9,83.3,81.7,52.2,책임 있는 사용,결과 검증
R-71BD71D6,2026 상반기 신입사원 AI 역량 시험 (가상),NEWHIRE-AI-v2,개발팀,2026 상반기,2026-03-13,33,신뢰 가능,66,B,균형 성장형,62.5,66.7,66.7,85,46.4,책임 있는 사용,AI 원리
R-03A6ECFC,2025 상반기 신입사원 AI 역량 시험 (가상),NEWHIRE-AI-v2,개발팀,2025 상반기,2025-03-15,30,신뢰 가능,72.9,B+,지식 탄탄형,75,66.7,83.3,57.2,78.1,반복 개선,프롬프트 설계
R-E93BD47C,2026 상반기 신입사원 AI 역량 시험 (가상),NEWHIRE-AI-v2,개발팀,2026 상반기,2026-03-17,31.3,신뢰 가능,69,B,균형 성장형,70.8,66.7,66.7,71.7,68.6,도구 지식,책임 있는 사용
R-0BDAA80A,2025 하반기 신입사원 AI 역량 시험 (가상),NEWHIRE-AI-v2,개발팀,2025 하반기,2025-09-12,31.2,신뢰 가능,45.6,C,기초 학습자,54.2,36.1,50,42.2,44.7,윤리·보안,책임 있는 사용
R-56C4C90C,2025 상반기 신입사원 AI 역량 시험 (가상),NEWHIRE-AI-v2,개발팀,2025 상반기,2025-03-18,28.8,신뢰 가능,85.1,A,AI 에이스,79.2,80.6,100,76.6,78.6,프롬프트 설계,책임 있는 사용
R-1470D501,2025 상반기 신입사원 AI 역량 시험 (가상),NEWHIRE-AI-v2,개발팀,2025 상반기,2025-03-17,29.6,신뢰 가능,76,B+,지식 탄탄형,79.2,66.7,83.3,76.1,68.6,결과 검증,업무 적용
R-FBE8678A,2026 상반기 신입사원 AI 역량 시험 (가상),NEWHIRE-AI-v2,개발팀,2026 상반기,2026-03-15,28.8,신뢰 가능,60.2,B,균형 성장형,62.5,55.6,66.7,61.1,52.8,윤리·보안,책임 있는 사용
R-5F6E507E,2025 상반기 신입사원 AI 역량 시험 (가상),NEWHIRE-AI-v2,개발팀,2025 상반기,2025-03-14,23.1,신뢰 가능,71.4,B+,균형 성장형,70.8,69.5,83.3,61.1,69.7,윤리·보안,결과 검증
R-FA8C5EE8,2025 상반기 신입사원 AI 역량 시험 (가상),NEWHIRE-AI-v2,개발팀,2025 상반기,2025-03-16,27.5,신뢰 가능,77,B+,지식 탄탄형,75,63.9,100,75.6,55.3,책임 있는 사용,결과 검증
R-908DC173,2025 상반기 신입사원 AI 역량 시험 (가상),NEWHIRE-AI-v2,개발팀,2025 상반기,2025-03-15,24.4,신뢰 가능,64.3,B,균형 성장형,62.5,55.6,83.3,47.8,61.7,책임 있는 사용,업무 적용
R-A26F6827,2025 상반기 신입사원 AI 역량 시험 (가상),NEWHIRE-AI-v2,개발팀,2025 상반기,2025-03-15,31.6,신뢰 가능,67.3,B,기초 학습자,66.7,44.4,100,66.1,35.8,결과 검증,윤리·보안
R-C96318F0,2026 상반기 신입사원 AI 역량 시험 (가상),NEWHIRE-AI-v2,개발팀,2026 상반기,2026-03-15,34.9,신뢰 가능,57.7,C+,균형 성장형,62.5,58.3,50,61.6,61.6,업무 적용,도구 지식
R-6289D022,2025 하반기 신입사원 AI 역량 시험 (가상),NEWHIRE-AI-v2,개발팀,2025 하반기,2025-09-13,36.4,신뢰 가능,65.3,B,균형 성장형,58.3,61.1,83.3,52.8,59.7,프롬프트 설계,책임 있는 사용
R-B4FF8E0B,2026 상반기 신입사원 AI 역량 시험 (가상),NEWHIRE-AI-v2,개발팀,2026 상반기,2026-03-15,34.2,신뢰 가능,87.2,A,AI 에이스,87.5,77.8,100,85.5,76.1,업무 적용,윤리·보안
R-09877856,2025 상반기 신입사원 AI 역량 시험 (가상),NEWHIRE-AI-v2,개발팀,2025 상반기,2025-03-18,22.1,신뢰 가능,63,B,이론 우선형,75,47.2,66.7,66.1,56.1,책임 있는 사용,도구 지식
R-26402E7D,2025 하반기 신입사원 AI 역량 시험 (가상),NEWHIRE-AI-v2,개발팀,2025 하반기,2025-09-14,40,신뢰 가능,65.9,B,균형 성장형,62.5,58.3,83.3,66.1,48.3,책임 있는 사용,결과 검증
R-99F45B24,2025 상반기 신입사원 AI 역량 시험 (가상),NEWHIRE-AI-v2,개발팀,2025 상반기,2025-03-14,31,신뢰 가능,50.7,C+,기초 학습자,50,44.4,66.7,42.2,43.3,책임 있는 사용,업무 적용
R-3C3AE035,2025 하반기 신입사원 AI 역량 시험 (가상),NEWHIRE-AI-v2,개발팀,2025 하반기,2025-09-15,30.1,신뢰 가능,54.8,C+,균형 성장형,54.2,61.1,50,61.1,53.3,책임 있는 사용,AI 원리
R-B142BB26,2026 상반기 신입사원 AI 역량 시험 (가상),NEWHIRE-AI-v2,개발팀,2026 상반기,2026-03-16,32.1,신뢰 가능,89.7,A,AI 에이스,87.5,80.6,100,100,69.2,책임 있는 사용,윤리·보안
R-FB831621,2026 상반기 신입사원 AI 역량 시험 (가상),NEWHIRE-AI-v2,개발팀,2026 상반기,2026-03-14,25.6,신뢰 가능,88.7,A,AI 에이스,91.7,77.8,100,85.5,80.6,업무 적용,윤리·보안
R-1C7E169A,2026 상반기 신입사원 AI 역량 시험 (가상),NEWHIRE-AI-v2,개발팀,2026 상반기,2026-03-14,33.9,신뢰 가능,76.1,B+,지식 탄탄형,75,61.1,100,75.6,52.8,결과 검증,윤리·보안
R-BE78F17E,2025 상반기 신입사원 AI 역량 시험 (가상),NEWHIRE-AI-v2,개발팀,2025 상반기,2025-03-14,29.1,신뢰 가능,76,B+,지식 탄탄형,79.2,63.9,83.3,76.6,68,윤리·보안,업무 적용
R-3FEF0320,2026 상반기 신입사원 AI 역량 시험 (가상),NEWHIRE-AI-v2,개발팀,2026 상반기,2026-03-13,36.5,신뢰 가능,69.5,B,지식 탄탄형,75,55.5,83.3,66.1,59.2,윤리·보안,결과 검증
R-DB935631,2025 하반기 신입사원 AI 역량 시험 (가상),NEWHIRE-AI-v2,개발팀,2025 하반기,2025-09-13,39.4,신뢰 가능,49.8,C,기초 학습자,54.2,47.2,50,51.7,47.8,책임 있는 사용,업무 적용
R-609FADE4,2025 하반기 신입사원 AI 역량 시험 (가상),NEWHIRE-AI-v2,개발팀,2025 하반기,2025-09-13,17.8,신뢰 가능,88,A,AI 에이스,91.7,88.9,83.3,90,90.6,책임 있는 사용,도구 지식
R-742FE1D8,2025 상반기 신입사원 AI 역량 시험 (가상),NEWHIRE-AI-v2,개발팀,2025 상반기,2025-03-15,20.8,주의,75.2,B+,지식 탄탄형,79.2,66.7,83.3,80,62.2,책임 있는 사용,윤리·보안
R-F97107B7,2026 상반기 신입사원 AI 역량 시험 (가상),NEWHIRE-AI-v2,개발팀,2026 상반기,2026-03-16,25.1,신뢰 가능,69.1,B,균형 성장형,66.7,58.3,83.3,67.2,56.7,윤리·보안,프롬프트 설계
R-7717C5D6,2025 하반기 신입사원 AI 역량 시험 (가상),NEWHIRE-AI-v2,개발팀,2025 하반기,2025-09-16,29.3,신뢰 가능,78.8,B+,실전 성장가,70.8,75,100,62.2,74.2,책임 있는 사용,업무 적용
R-2FDA5A98,2026 상반기 신입사원 AI 역량 시험 (가상),NEWHIRE-AI-v2,개발팀,2026 상반기,2026-03-15,25.7,신뢰 가능,87.9,A,AI 에이스,91.7,77.8,100,85,78.6,책임 있는 사용,결과 검증
R-F7A165D9,2025 상반기 신입사원 AI 역량 시험 (가상),NEWHIRE-AI-v2,개발팀,2025 상반기,2025-03-17,27.5,신뢰 가능,80.4,A,AI 에이스,75,80.6,83.3,86.1,71.7,반복 개선,윤리·보안
R-0A59AD58,2025 하반기 신입사원 AI 역량 시험 (가상),NEWHIRE-AI-v2,개발팀,2025 하반기,2025-09-13,22.2,주의,54.2,C+,균형 성장형,50,58.3,50,71.1,41.4,책임 있는 사용,윤리·보안
R-23153A9E,2025 상반기 신입사원 AI 역량 시험 (가상),NEWHIRE-AI-v2,개발팀,2025 상반기,2025-03-14,23.8,신뢰 가능,56.1,C+,경험 학습가,41.7,61.1,66.7,57.8,43.9,업무 적용,결과 검증
R-9C727205,2025 하반기 신입사원 AI 역량 시험 (가상),NEWHIRE-AI-v2,개발팀,2025 하반기,2025-09-12,25.9,신뢰 가능,62.7,B,균형 성장형,62.5,58.3,66.7,66.7,54.7,책임 있는 사용,반복 개선
R-0CB3B210,2025 상반기 신입사원 AI 역량 시험 (가상),NEWHIRE-AI-v2,개발팀,2025 상반기,2025-03-15,23.4,신뢰 가능,73,B+,균형 성장형,70.8,69.5,83.3,71.1,64.7,결과 검증,책임 있는 사용
R-5E003FCF,2025 상반기 신입사원 AI 역량 시험 (가상),NEWHIRE-AI-v2,개발팀,2025 상반기,2025-03-15,29.8,신뢰 가능,56.5,C+,균형 성장형,54.2,63.9,50,66.1,53.3,도구 지식,윤리·보안
R-CD444884,2026 상반기 신입사원 AI 역량 시험 (가상),NEWHIRE-AI-v2,개발팀,2026 상반기,2026-03-16,31.6,신뢰 가능,78.5,B+,AI 에이스,83.3,83.3,66.7,80.6,88.1,AI 원리,책임 있는 사용
R-231A767F,2025 하반기 신입사원 AI 역량 시험 (가상),NEWHIRE-AI-v2,개발팀,2025 하반기,2025-09-15,31.6,신뢰 가능,68.5,B,균형 성장형,58.3,61.1,100,47.8,57.8,반복 개선,책임 있는 사용
R-E2C5BAC0,2025 하반기 신입사원 AI 역량 시험 (가상),NEWHIRE-AI-v2,개발팀,2025 하반기,2025-09-13,37.4,신뢰 가능,58.1,C+,균형 성장형,54.2,58.3,66.7,52.2,55.3,결과 검증,AI 원리
R-CE3B5018,2026 상반기 신입사원 AI 역량 시험 (가상),NEWHIRE-AI-v2,개발팀,2026 상반기,2026-03-13,20.7,신뢰 가능,93.5,A+,AI 에이스,95.8,86.1,100,90.6,90,업무 적용,윤리·보안
R-E2F49868,2025 하반기 신입사원 AI 역량 시험 (가상),NEWHIRE-AI-v2,개발팀,2025 하반기,2025-09-16,29.3,신뢰 가능,65,B,균형 성장형,66.7,63.9,66.7,61.6,66.7,AI 원리,프롬프트 설계
R-52963E74,2026 상반기 신입사원 AI 역량 시험 (가상),NEWHIRE-AI-v2,개발팀,2026 상반기,2026-03-14,29.9,신뢰 가능,95.8,A+,AI 에이스,100,86.1,100,100,87.5,윤리·보안,결과 검증
R-5259CDFA,2026 상반기 신입사원 AI 역량 시험 (가상),NEWHIRE-AI-v2,개발팀,2026 상반기,2026-03-14,27.2,신뢰 가능,57.4,C+,실전 성장가,54.2,77.8,33.3,71.1,67.8,도구 지식,책임 있는 사용
R-0205EF52,2025 하반기 신입사원 AI 역량 시험 (가상),NEWHIRE-AI-v2,개발팀,2025 하반기,2025-09-14,23.3,신뢰 가능,69.1,B,균형 성장형,66.7,63.9,83.3,57.2,66.7,업무 적용,책임 있는 사용
R-05A22F52,2025 상반기 신입사원 AI 역량 시험 (가상),NEWHIRE-AI-v2,개발팀,2025 상반기,2025-03-17,26.3,신뢰 가능,80,A,AI 에이스,83.3,77.8,83.3,71.1,85.6,윤리·보안,업무 적용
R-0AFEE9F7,2026 상반기 신입사원 AI 역량 시험 (가상),NEWHIRE-AI-v2,개발팀,2026 상반기,2026-03-14,28.6,신뢰 가능,65.1,B,균형 성장형,66.7,72.2,50,71.7,73.6,업무 적용,AI 원리
R-EEDDB909,2025 상반기 신입사원 AI 역량 시험 (가상),NEWHIRE-AI-v2,개발팀,2025 상반기,2025-03-15,29.6,신뢰 가능,54.3,C+,기초 학습자,66.7,47.2,50,51.7,61.1,업무 적용,AI 원리
R-20CAD49C,2025 상반기 신입사원 AI 역량 시험 (가상),NEWHIRE-AI-v2,개발팀,2025 상반기,2025-03-16,30.3,신뢰 가능,69.8,B,균형 성장형,66.7,50,100,62.2,47.2,업무 적용,윤리·보안
R-051F0A4E,2025 하반기 신입사원 AI 역량 시험 (가상),NEWHIRE-AI-v2,경영지원팀,2025 하반기,2025-09-15,33.7,신뢰 가능,78.5,B+,지식 탄탄형,79.2,72.2,83.3,85.5,66.7,결과 검증,책임 있는 사용
R-2E58FB44,2025 하반기 신입사원 AI 역량 시험 (가상),NEWHIRE-AI-v2,경영지원팀,2025 하반기,2025-09-13,39.6,신뢰 가능,76,B+,지식 탄탄형,79.2,69.5,83.3,75.6,69.2,책임 있는 사용,윤리·보안
R-E18FC58A,2025 하반기 신입사원 AI 역량 시험 (가상),NEWHIRE-AI-v2,경영지원팀,2025 하반기,2025-09-15,34.1,신뢰 가능,64,B,균형 성장형,70.8,58.3,66.7,61.1,64.2,책임 있는 사용,프롬프트 설계
R-705BDBF9,2026 상반기 신입사원 AI 역량 시험 (가상),NEWHIRE-AI-v2,경영지원팀,2026 상반기,2026-03-17,21.2,신뢰 가능,78.8,B+,지식 탄탄형,91.7,66.7,83.3,70.5,82.5,업무 적용,도구 지식
R-FED386AA,2025 상반기 신입사원 AI 역량 시험 (가상),NEWHIRE-AI-v2,경영지원팀,2025 상반기,2025-03-15,34.7,신뢰 가능,74.4,B+,지식 탄탄형,75,61.1,100,61.1,62.2,윤리·보안,결과 검증
R-0A13B75D,2026 상반기 신입사원 AI 역량 시험 (가상),NEWHIRE-AI-v2,경영지원팀,2026 상반기,2026-03-16,28.4,주의,54.8,C+,균형 성장형,54.2,55.6,50,62.2,52.2,도구 지식,윤리·보안
R-54BFF7B2,2025 상반기 신입사원 AI 역량 시험 (가상),NEWHIRE-AI-v2,경영지원팀,2025 상반기,2025-03-16,28.3,신뢰 가능,68.8,B,지식 탄탄형,75,66.6,66.7,57.2,82.5,프롬프트 설계,도구 지식
R-52DE1DF2,2025 상반기 신입사원 AI 역량 시험 (가상),NEWHIRE-AI-v2,경영지원팀,2025 상반기,2025-03-16,25.3,신뢰 가능,74.5,B+,지식 탄탄형,75,69.5,83.3,71.1,69.2,프롬프트 설계,윤리·보안
R-24A3D027,2026 상반기 신입사원 AI 역량 시험 (가상),NEWHIRE-AI-v2,경영지원팀,2026 상반기,2026-03-15,29.7,신뢰 가능,54.4,C+,기초 학습자,62.5,44.5,66.7,41.7,54.7,책임 있는 사용,프롬프트 설계
R-20462E7D,2025 상반기 신입사원 AI 역량 시험 (가상),NEWHIRE-AI-v2,경영지원팀,2025 상반기,2025-03-15,23.4,주의,45,C,기초 학습자,50,38.9,50,33.3,51.7,반복 개선,프롬프트 설계
R-DE10B62B,2025 상반기 신입사원 AI 역량 시험 (가상),NEWHIRE-AI-v2,경영지원팀,2025 상반기,2025-03-17,22.7,신뢰 가능,55.8,C+,균형 성장형,70.8,58.3,33.3,61.1,73.1,도구 지식,결과 검증
R-41E86079,2026 상반기 신입사원 AI 역량 시험 (가상),NEWHIRE-AI-v2,경영지원팀,2026 상반기,2026-03-14,21.6,신뢰 가능,80.1,A,지식 탄탄형,79.2,69.5,100,71.1,69.2,결과 검증,반복 개선
R-0327FF31,2026 상반기 신입사원 AI 역량 시험 (가상),NEWHIRE-AI-v2,경영지원팀,2026 상반기,2026-03-16,25.8,신뢰 가능,40.6,C,AI 입문자,37.5,47.2,33.3,43.3,45.3,책임 있는 사용,업무 적용
R-8C31A625,2025 상반기 신입사원 AI 역량 시험 (가상),NEWHIRE-AI-v2,경영지원팀,2025 상반기,2025-03-15,31.9,신뢰 가능,79.2,B+,지식 탄탄형,83.3,72.2,83.3,80.6,73.6,결과 검증,반복 개선
R-87694621,2025 하반기 신입사원 AI 역량 시험 (가상),NEWHIRE-AI-v2,경영지원팀,2025 하반기,2025-09-12,26.3,신뢰 가능,64.9,B,균형 성장형,66.7,55.6,83.3,42.8,68.6,반복 개선,업무 적용
R-F5789EF0,2025 하반기 신입사원 AI 역량 시험 (가상),NEWHIRE-AI-v2,경영지원팀,2025 하반기,2025-09-13,27.6,신뢰 가능,54.5,C+,기초 학습자,58.3,41.7,66.7,61.1,35.8,윤리·보안,AI 원리
R-D4E0A82F,2025 상반기 신입사원 AI 역량 시험 (가상),NEWHIRE-AI-v2,경영지원팀,2025 상반기,2025-03-14,31.7,주의,67.1,B,지식 탄탄형,75,63.9,66.7,61.1,73.6,AI 원리,프롬프트 설계
R-13DE481C,2025 상반기 신입사원 AI 역량 시험 (가상),NEWHIRE-AI-v2,경영지원팀,2025 상반기,2025-03-17,25.6,신뢰 가능,68,B,지식 탄탄형,75,63.9,66.7,66.1,71.1,프롬프트 설계,윤리·보안
R-A6B51927,2026 상반기 신입사원 AI 역량 시험 (가상),NEWHIRE-AI-v2,경영지원팀,2026 상반기,2026-03-15,29.9,신뢰 가능,63.3,B,균형 성장형,66.7,63.9,66.7,47.2,76.1,업무 적용,프롬프트 설계
R-B4A0D0B5,2025 상반기 신입사원 AI 역량 시험 (가상),NEWHIRE-AI-v2,경영지원팀,2025 상반기,2025-03-16,31.8,신뢰 가능,64.8,B,기초 학습자,66.7,44.4,100,46.6,47.8,결과 검증,반복 개선
R-A95F760B,2025 하반기 신입사원 AI 역량 시험 (가상),NEWHIRE-AI-v2,경영지원팀,2025 하반기,2025-09-13,26.2,신뢰 가능,45.1,C,AI 입문자,45.8,33.3,66.7,32.8,35.8,책임 있는 사용,업무 적용
R-FBF93CDD,2026 상반기 신입사원 AI 역량 시험 (가상),NEWHIRE-AI-v2,경영지원팀,2026 상반기,2026-03-15,30.1,신뢰 가능,96,A+,AI 에이스,95.8,94.5,100,90.6,97.5,반복 개선,결과 검증
R-31A5C7C7,2025 상반기 신입사원 AI 역량 시험 (가상),NEWHIRE-AI-v2,경영지원팀,2025 상반기,2025-03-16,25.2,신뢰 가능,63.2,B,균형 성장형,70.8,63.9,50,71.1,68.6,AI 원리,윤리·보안
R-F647A7D7,2025 상반기 신입사원 AI 역량 시험 (가상),NEWHIRE-AI-v2,경영지원팀,2025 상반기,2025-03-14,32.9,신뢰 가능,48.3,C,균형 성장형,54.2,63.9,16.7,66.1,62.2,AI 원리,책임 있는 사용
R-59BBB5AA,2025 상반기 신입사원 AI 역량 시험 (가상),NEWHIRE-AI-v2,경영지원팀,2025 상반기,2025-03-15,33.9,신뢰 가능,53.1,C+,균형 성장형,54.2,50,66.7,28.3,64.2,프롬프트 설계,반복 개선
R-52AAA1EC,2025 하반기 신입사원 AI 역량 시험 (가상),NEWHIRE-AI-v2,경영지원팀,2025 하반기,2025-09-16,32,신뢰 가능,63.8,B,지식 탄탄형,75,55.6,66.7,56.1,68.6,책임 있는 사용,프롬프트 설계
R-5020DF39,2026 상반기 신입사원 AI 역량 시험 (가상),NEWHIRE-AI-v2,경영지원팀,2026 상반기,2026-03-17,30.3,신뢰 가능,91.2,A+,AI 에이스,91.7,83.3,100,95,78.6,윤리·보안,결과 검증
R-4D88B296,2025 하반기 신입사원 AI 역량 시험 (가상),NEWHIRE-AI-v2,경영지원팀,2025 하반기,2025-09-14,34,신뢰 가능,63.6,B,균형 성장형,62.5,72.2,50,76.1,64.7,책임 있는 사용,도구 지식
R-4428C973,2025 상반기 신입사원 AI 역량 시험 (가상),NEWHIRE-AI-v2,경영지원팀,2025 상반기,2025-03-15,24.2,신뢰 가능,35,D+,AI 입문자,33.3,41.7,33.3,23.9,47.8,반복 개선,프롬프트 설계
R-3E6DF120,2026 상반기 신입사원 AI 역량 시험 (가상),NEWHIRE-AI-v2,경영지원팀,2026 상반기,2026-03-14,40,신뢰 가능,60.2,B,균형 성장형,62.5,58.3,66.7,47.2,66.7,책임 있는 사용,반복 개선
R-4D31D224,2026 상반기 신입사원 AI 역량 시험 (가상),NEWHIRE-AI-v2,경영지원팀,2026 상반기,2026-03-15,32.1,신뢰 가능,50,C+,균형 성장형,50,52.8,50,47.2,52.8,윤리·보안,AI 원리
R-9B8D97B2,2025 상반기 신입사원 AI 역량 시험 (가상),NEWHIRE-AI-v2,경영지원팀,2025 상반기,2025-03-15,34,신뢰 가능,54,C+,균형 성장형,54.2,58.3,50,56.7,55.3,책임 있는 사용,반복 개선
R-8E683655,2025 상반기 신입사원 AI 역량 시험 (가상),NEWHIRE-AI-v2,경영지원팀,2025 상반기,2025-03-17,28.7,신뢰 가능,49.4,C,경험 학습가,45.8,63.9,33.3,57.2,57.8,AI 원리,업무 적용
R-0E4A26C0,2025 하반기 신입사원 AI 역량 시험 (가상),NEWHIRE-AI-v2,경영지원팀,2025 하반기,2025-09-14,27.4,신뢰 가능,63.7,B,균형 성장형,58.3,66.7,66.7,66.7,57.8,윤리·보안,결과 검증
R-542415F8,2025 하반기 신입사원 AI 역량 시험 (가상),NEWHIRE-AI-v2,경영지원팀,2025 하반기,2025-09-13,22,신뢰 가능,80.9,A,AI 에이스,79.2,77.8,100,47.8,95,프롬프트 설계,업무 적용
R-36A71B2A,2025 상반기 신입사원 AI 역량 시험 (가상),NEWHIRE-AI-v2,경영지원팀,2025 상반기,2025-03-18,25.4,신뢰 가능,61.7,B,균형 성장형,62.5,52.8,83.3,46.6,55.3,윤리·보안,프롬프트 설계
R-AE1F2EAE,2026 상반기 신입사원 AI 역량 시험 (가상),NEWHIRE-AI-v2,경영지원팀,2026 상반기,2026-03-15,22.9,신뢰 가능,68.5,B,실전 성장가,62.5,75,66.7,67.2,71.7,책임 있는 사용,업무 적용
R-371226BF,2025 상반기 신입사원 AI 역량 시험 (가상),NEWHIRE-AI-v2,경영지원팀,2025 상반기,2025-03-15,26.1,신뢰 가능,58.8,C+,균형 성장형,58.3,69.5,50,52.2,74.2,반복 개선,도구 지식
R-0151E203,2026 상반기 신입사원 AI 역량 시험 (가상),NEWHIRE-AI-v2,경영지원팀,2026 상반기,2026-03-15,28.3,신뢰 가능,67.3,B,균형 성장형,70.8,66.6,66.7,66.1,69.1,책임 있는 사용,결과 검증
R-0972911C,2025 상반기 신입사원 AI 역량 시험 (가상),NEWHIRE-AI-v2,경영지원팀,2025 상반기,2025-03-15,35.2,신뢰 가능,75.8,B+,지식 탄탄형,83.3,63.9,83.3,66.7,77.5,업무 적용,반복 개선
R-CE86FC8B,2025 상반기 신입사원 AI 역량 시험 (가상),NEWHIRE-AI-v2,마케팅팀,2025 상반기,2025-03-16,23.9,신뢰 가능,78.9,B+,지식 탄탄형,87.5,58.3,100,66.1,70.6,업무 적용,책임 있는 사용
R-05FC38E2,2025 상반기 신입사원 AI 역량 시험 (가상),NEWHIRE-AI-v2,마케팅팀,2025 상반기,2025-03-16,33.2,신뢰 가능,37.4,D+,AI 입문자,37.5,47.2,16.7,57.2,38.3,도구 지식,윤리·보안
R-582C6335,2026 상반기 신입사원 AI 역량 시험 (가상),NEWHIRE-AI-v2,마케팅팀,2026 상반기,2026-03-15,31.8,신뢰 가능,69,B,균형 성장형,70.8,66.7,66.7,76.1,64.2,윤리·보안,책임 있는 사용
R-DD888095,2025 상반기 신입사원 AI 역량 시험 (가상),NEWHIRE-AI-v2,마케팅팀,2025 상반기,2025-03-14,19.9,신뢰 가능,63.7,B,이론 우선형,75,41.7,83.3,56.1,51.7,윤리·보안,프롬프트 설계
R-9E357822,2025 하반기 신입사원 AI 역량 시험 (가상),NEWHIRE-AI-v2,마케팅팀,2025 하반기,2025-09-15,34.2,신뢰 가능,65.5,B,지식 탄탄형,75,52.8,66.7,75.6,54.2,윤리·보안,도구 지식
R-EC047259,2025 하반기 신입사원 AI 역량 시험 (가상),NEWHIRE-AI-v2,마케팅팀,2025 하반기,2025-09-12,30.3,신뢰 가능,52.9,C+,균형 성장형,62.5,58.3,33.3,56.7,68.6,도구 지식,프롬프트 설계
R-736B0921,2026 상반기 신입사원 AI 역량 시험 (가상),NEWHIRE-AI-v2,마케팅팀,2026 상반기,2026-03-15,28.6,신뢰 가능,61.7,B,균형 성장형,70.8,69.4,33.3,85,66.7,AI 원리,윤리·보안
R-7FEE5D30,2025 하반기 신입사원 AI 역량 시험 (가상),NEWHIRE-AI-v2,마케팅팀,2025 하반기,2025-09-13,20.9,신뢰 가능,65.7,B,균형 성장형,66.7,55.5,83.3,52.2,61.6,프롬프트 설계,윤리·보안
R-A0E632E6,2025 하반기 신입사원 AI 역량 시험 (가상),NEWHIRE-AI-v2,마케팅팀,2025 하반기,2025-09-15,24.4,신뢰 가능,67.8,B,지식 탄탄형,79.2,61.1,66.7,65.6,71.1,도구 지식,프롬프트 설계
R-7D28273B,2025 상반기 신입사원 AI 역량 시험 (가상),NEWHIRE-AI-v2,마케팅팀,2025 상반기,2025-03-14,36.6,신뢰 가능,61.1,B,균형 성장형,62.5,61.1,50,76.6,56.7,윤리·보안,AI 원리
R-2AEC9EEB,2025 상반기 신입사원 AI 역량 시험 (가상),NEWHIRE-AI-v2,마케팅팀,2025 상반기,2025-03-16,23.1,신뢰 가능,73,B+,균형 성장형,70.8,72.2,83.3,57.2,78.6,책임 있는 사용,업무 적용
R-21C718A1,2025 상반기 신입사원 AI 역량 시험 (가상),NEWHIRE-AI-v2,마케팅팀,2025 상반기,2025-03-16,28.8,신뢰 가능,77,B+,AI 에이스,75,75,83.3,76.1,71.7,윤리·보안,책임 있는 사용
R-C1858A3D,2025 상반기 신입사원 AI 역량 시험 (가상),NEWHIRE-AI-v2,마케팅팀,2025 상반기,2025-03-16,21.1,신뢰 가능,52.8,C+,기초 학습자,58.3,30.6,83.3,37.2,37.8,윤리·보안,업무 적용
R-DB3E0D16,2025 상반기 신입사원 AI 역량 시험 (가상),NEWHIRE-AI-v2,마케팅팀,2025 상반기,2025-03-14,24.4,신뢰 가능,57.1,C+,기초 학습자,58.3,47.2,66.7,66.1,38.4,책임 있는 사용,AI 원리
R-4762C0A5,2025 하반기 신입사원 AI 역량 시험 (가상),NEWHIRE-AI-v2,마케팅팀,2025 하반기,2025-09-15,25.2,신뢰 가능,64.7,B,지식 탄탄형,75,50,66.7,66.7,60.6,프롬프트 설계,윤리·보안
R-3267C63D,2025 상반기 신입사원 AI 역량 시험 (가상),NEWHIRE-AI-v2,마케팅팀,2025 상반기,2025-03-14,27.9,신뢰 가능,53.4,C+,기초 학습자,66.7,38.9,50,66.1,44.2,AI 원리,윤리·보안
R-7ED26B38,2025 상반기 신입사원 AI 역량 시험 (가상),NEWHIRE-AI-v2,마케팅팀,2025 상반기,2025-03-16,33.8,신뢰 가능,79.6,B+,지식 탄탄형,91.7,66.7,83.3,80,75.6,결과 검증,도구 지식
R-D92A00DC,2026 상반기 신입사원 AI 역량 시험 (가상),NEWHIRE-AI-v2,마케팅팀,2026 상반기,2026-03-14,30.5,신뢰 가능,70.4,B+,지식 탄탄형,75,55.6,83.3,71.1,56.7,책임 있는 사용,윤리·보안
R-903194B3,2026 상반기 신입사원 AI 역량 시험 (가상),NEWHIRE-AI-v2,마케팅팀,2026 상반기,2026-03-16,30.1,신뢰 가능,75,B+,지식 탄탄형,83.3,58.3,83.3,85,56.7,윤리·보안,결과 검증
R-DE2BA851,2026 상반기 신입사원 AI 역량 시험 (가상),NEWHIRE-AI-v2,마케팅팀,2026 상반기,2026-03-14,27.7,신뢰 가능,45.7,C,균형 성장형,58.3,50,16.7,66.1,54.2,AI 원리,업무 적용
R-517F05CD,2026 상반기 신입사원 AI 역량 시험 (가상),NEWHIRE-AI-v2,마케팅팀,2026 상반기,2026-03-16,30.7,신뢰 가능,63.2,B,균형 성장형,70.8,58.3,50,90,49.7,결과 검증,도구 지식
R-3CAC9F14,2025 상반기 신입사원 AI 역량 시험 (가상),NEWHIRE-AI-v2,마케팅팀,2025 상반기,2025-03-18,25.6,신뢰 가능,71.2,B+,지식 탄탄형,75,61.1,83.3,61.6,68.6,윤리·보안,프롬프트 설계
R-E74C6172,2025 상반기 신입사원 AI 역량 시험 (가상),NEWHIRE-AI-v2,마케팅팀,2025 상반기,2025-03-17,26.6,신뢰 가능,63.4,B,균형 성장형,66.7,69.5,50,71.1,69.2,도구 지식,윤리·보안
R-7A3A9790,2025 하반기 신입사원 AI 역량 시험 (가상),NEWHIRE-AI-v2,마케팅팀,2025 하반기,2025-09-12,32,신뢰 가능,63.5,B,균형 성장형,62.5,58.3,66.7,62.8,61.1,업무 적용,윤리·보안
R-979FF6E6,2025 하반기 신입사원 AI 역량 시험 (가상),NEWHIRE-AI-v2,마케팅팀,2025 하반기,2025-09-12,29.6,신뢰 가능,55.5,C+,기초 학습자,54.2,38.9,83.3,51.7,31.4,윤리·보안,책임 있는 사용
R-C8659838,2025 상반기 신입사원 AI 역량 시험 (가상),NEWHIRE-AI-v2,마케팅팀,2025 상반기,2025-03-15,31.3,신뢰 가능,79.1,B+,AI 에이스,83.3,75,83.3,71.1,83,업무 적용,반복 개선
R-7D333C6E,2025 상반기 신입사원 AI 역량 시험 (가상),NEWHIRE-AI-v2,마케팅팀,2025 상반기,2025-03-14,24.9,신뢰 가능,45.8,C,기초 학습자,50,36.1,50,52.2,35.3,업무 적용,윤리·보안
R-B175C151,2025 하반기 신입사원 AI 역량 시험 (가상),NEWHIRE-AI-v2,마케팅팀,2025 하반기,2025-09-16,32.5,주의,57.2,C+,균형 성장형,54.2,50,66.7,62.2,42.8,책임 있는 사용,반복 개선
R-968E8759,2025 상반기 신입사원 AI 역량 시험 (가상),NEWHIRE-AI-v2,마케팅팀,2025 상반기,2025-03-15,29.4,신뢰 가능,62.5,B,균형 성장형,66.7,52.8,66.7,71.1,49.7,윤리·보안,도구 지식
R-45DA83DA,2025 상반기 신입사원 AI 역량 시험 (가상),NEWHIRE-AI-v2,마케팅팀,2025 상반기,2025-03-17,22,신뢰 가능,67.6,B,균형 성장형,62.5,63.9,83.3,43.9,75.5,반복 개선,업무 적용
R-6FFF095E,2025 상반기 신입사원 AI 역량 시험 (가상),NEWHIRE-AI-v2,마케팅팀,2025 상반기,2025-03-17,17.8,신뢰 가능,58.7,C+,균형 성장형,58.3,52.8,66.7,57.2,52.2,반복 개선,AI 원리
R-9C9D6D22,2025 상반기 신입사원 AI 역량 시험 (가상),NEWHIRE-AI-v2,마케팅팀,2025 상반기,2025-03-15,28.3,신뢰 가능,68.7,B,지식 탄탄형,79.2,66.6,50,85.5,70.5,AI 원리,윤리·보안
R-A3733B6F,2025 하반기 신입사원 AI 역량 시험 (가상),NEWHIRE-AI-v2,마케팅팀,2025 하반기,2025-09-15,19.5,신뢰 가능,83.6,A,AI 에이스,95.8,75,83.3,80,87.5,도구 지식,결과 검증
R-CD62F559,2025 하반기 신입사원 AI 역량 시험 (가상),NEWHIRE-AI-v2,마케팅팀,2025 하반기,2025-09-12,34,신뢰 가능,46.5,C,기초 학습자,54.2,33.3,50,56.7,32.8,윤리·보안,반복 개선
R-7AFA43BC,2025 하반기 신입사원 AI 역량 시험 (가상),NEWHIRE-AI-v2,마케팅팀,2025 하반기,2025-09-13,30.8,신뢰 가능,62.5,B,균형 성장형,66.7,55.5,66.7,61.6,59.2,윤리·보안,프롬프트 설계
R-4474E39C,2025 상반기 신입사원 AI 역량 시험 (가상),NEWHIRE-AI-v2,인사팀,2025 상반기,2025-03-18,27,신뢰 가능,70.3,B+,지식 탄탄형,79.2,66.7,66.7,70.5,73.6,책임 있는 사용,반복 개선
R-7605B648,2025 하반기 신입사원 AI 역량 시험 (가상),NEWHIRE-AI-v2,인사팀,2025 하반기,2025-09-14,24.2,신뢰 가능,30.8,D+,AI 입문자,33.3,33.3,33.3,13.9,45.3,도구 지식,프롬프트 설계
R-1CAB6BC1,2025 하반기 신입사원 AI 역량 시험 (가상),NEWHIRE-AI-v2,인사팀,2025 하반기,2025-09-16,22.8,신뢰 가능,81.6,A,지식 탄탄형,83.3,66.7,100,76.1,68.6,결과 검증,반복 개선
R-84150B91,2025 상반기 신입사원 AI 역량 시험 (가상),NEWHIRE-AI-v2,인사팀,2025 상반기,2025-03-18,26.7,신뢰 가능,37.2,D+,AI 입문자,41.7,47.2,16.7,51.7,43.3,도구 지식,책임 있는 사용
R-9EF52EB4,2026 상반기 신입사원 AI 역량 시험 (가상),NEWHIRE-AI-v2,인사팀,2026 상반기,2026-03-14,23.9,신뢰 가능,65.9,B,균형 성장형,66.7,72.2,50,81.1,66.7,책임 있는 사용,도구 지식
R-4A60FB53,2026 상반기 신입사원 AI 역량 시험 (가상),NEWHIRE-AI-v2,인사팀,2026 상반기,2026-03-13,30.4,신뢰 가능,59.3,C+,균형 성장형,66.7,72.2,33.3,66.1,78.6,도구 지식,AI 원리
R-61189CAD,2025 하반기 신입사원 AI 역량 시험 (가상),NEWHIRE-AI-v2,인사팀,2025 하반기,2025-09-15,23.4,신뢰 가능,71.9,B+,지식 탄탄형,79.2,61.1,83.3,65.6,66.7,책임 있는 사용,결과 검증
R-F26332A7,2025 하반기 신입사원 AI 역량 시험 (가상),NEWHIRE-AI-v2,인사팀,2025 하반기,2025-09-15,37.6,신뢰 가능,43.6,C,경험 학습가,45.8,50,33.3,47.2,50.3,업무 적용,반복 개선
R-5EA2C1B0,2025 하반기 신입사원 AI 역량 시험 (가상),NEWHIRE-AI-v2,인사팀,2025 하반기,2025-09-15,35,신뢰 가능,65.1,B,실전 성장가,66.7,75,50,71.1,74.2,도구 지식,결과 검증
R-9FD473ED,2025 하반기 신입사원 AI 역량 시험 (가상),NEWHIRE-AI-v2,인사팀,2025 하반기,2025-09-14,34.7,신뢰 가능,75.3,B+,AI 에이스,79.2,77.8,66.7,80.6,78.6,책임 있는 사용,도구 지식
R-1E5C817B,2025 하반기 신입사원 AI 역량 시험 (가상),NEWHIRE-AI-v2,인사팀,2025 하반기,2025-09-12,37.3,신뢰 가능,50.7,C+,균형 성장형,54.2,50,50,42.8,59.2,책임 있는 사용,반복 개선
R-B0B65387,2026 상반기 신입사원 AI 역량 시험 (가상),NEWHIRE-AI-v2,인사팀,2026 상반기,2026-03-15,35.1,신뢰 가능,85.2,A,AI 에이스,79.2,88.9,83.3,91.1,81.1,책임 있는 사용,업무 적용
